[INFO] Scanning for projects...
[INFO] 
[INFO] -----------< com.parking:parking-building-management-system >-----------
[INFO] Building  0.0.1-SNAPSHOT
[INFO]   from pom.xml
[INFO] --------------------------------[ jar ]---------------------------------
[INFO] 
[INFO] >>> spring-boot:3.5.14:run (default-cli) > test-compile @ parking-building-management-system >>>
[INFO] 
[INFO] --- resources:3.3.1:resources (default-resources) @ parking-building-management-system ---
[INFO] Copying 2 resources from src\main\resources to target\classes
[INFO] Copying 3 resources from src\main\resources to target\classes
[INFO] 
[INFO] --- compiler:3.14.1:compile (default-compile) @ parking-building-management-system ---
[INFO] Nothing to compile - all classes are up to date.
[INFO] 
[INFO] --- resources:3.3.1:testResources (default-testResources) @ parking-building-management-system ---
[INFO] skip non existing resourceDirectory C:\Users\lequa\Videos\Parking-Building-Management-System\BE\src\test\resources
[INFO] 
[INFO] --- compiler:3.14.1:testCompile (default-testCompile) @ parking-building-management-system ---
[INFO] Nothing to compile - all classes are up to date.
[INFO] 
[INFO] <<< spring-boot:3.5.14:run (default-cli) < test-compile @ parking-building-management-system <<<
[INFO] 
[INFO] 
[INFO] --- spring-boot:3.5.14:run (default-cli) @ parking-building-management-system ---
[INFO] Attaching agents: []
2026-07-11T00:13:04.353+07:00  INFO 22468 --- [parking-building-management-system] [  restartedMain] rkingBuildingManagementSystemApplication : Starting ParkingBuildingManagementSystemApplication using Java 26.0.1 with PID 22468 (C:\Users\lequa\Videos\Parking-Building-Management-System\BE\target\classes started by lequa in C:\Users\lequa\Videos\Parking-Building-Management-System\BE)
2026-07-11T00:13:04.356+07:00  INFO 22468 --- [parking-building-management-system] [  restartedMain] rkingBuildingManagementSystemApplication : The following 1 profile is active: "dev"
2026-07-11T00:13:04.409+07:00  INFO 22468 --- [parking-building-management-system] [  restartedMain] .e.DevToolsPropertyDefaultsPostProcessor : Devtools property defaults active! Set 'spring.devtools.add-properties' to 'false' to disable
2026-07-11T00:13:04.410+07:00  INFO 22468 --- [parking-building-management-system] [  restartedMain] .e.DevToolsPropertyDefaultsPostProcessor : For additional web related logging consider setting the 'logging.level.web' property to 'DEBUG'
2026-07-11T00:13:05.344+07:00  INFO 22468 --- [parking-building-management-system] [  restartedMain] .s.d.r.c.RepositoryConfigurationDelegate : Bootstrapping Spring Data JPA repositories in DEFAULT mode.
2026-07-11T00:13:05.475+07:00  INFO 22468 --- [parking-building-management-system] [  restartedMain] .s.d.r.c.RepositoryConfigurationDelegate : Finished Spring Data repository scanning in 115 ms. Found 18 JPA repository interfaces.
2026-07-11T00:13:06.038+07:00  INFO 22468 --- [parking-building-management-system] [  restartedMain] o.s.b.w.embedded.tomcat.TomcatWebServer  : Tomcat initialized with port 8080 (http)
2026-07-11T00:13:06.051+07:00  INFO 22468 --- [parking-building-management-system] [  restartedMain] o.apache.catalina.core.StandardService   : Starting service [Tomcat]
2026-07-11T00:13:06.052+07:00  INFO 22468 --- [parking-building-management-system] [  restartedMain] o.apache.catalina.core.StandardEngine    : Starting Servlet engine: [Apache Tomcat/10.1.54]
2026-07-11T00:13:06.085+07:00  INFO 22468 --- [parking-building-management-system] [  restartedMain] o.a.c.c.C.[Tomcat].[localhost].[/]       : Initializing Spring embedded WebApplicationContext
2026-07-11T00:13:06.086+07:00  INFO 22468 --- [parking-building-management-system] [  restartedMain] w.s.c.ServletWebServerApplicationContext : Root WebApplicationContext: initialization completed in 1675 ms
2026-07-11T00:13:06.301+07:00  INFO 22468 --- [parking-building-management-system] [  restartedMain] o.hibernate.jpa.internal.util.LogHelper  : HHH000204: Processing PersistenceUnitInfo [name: default]
2026-07-11T00:13:06.349+07:00  INFO 22468 --- [parking-building-management-system] [  restartedMain] org.hibernate.Version                    : HHH000412: Hibernate ORM core version 6.6.49.Final
2026-07-11T00:13:06.382+07:00  INFO 22468 --- [parking-building-management-system] [  restartedMain] o.h.c.internal.RegionFactoryInitiator    : HHH000026: Second-level cache disabled
2026-07-11T00:13:06.797+07:00  INFO 22468 --- [parking-building-management-system] [  restartedMain] o.s.o.j.p.SpringPersistenceUnitInfo      : No LoadTimeWeaver setup: ignoring JPA class transformer
2026-07-11T00:13:06.878+07:00  INFO 22468 --- [parking-building-management-system] [  restartedMain] com.zaxxer.hikari.HikariDataSource       : HikariPool-1 - Starting...
2026-07-11T00:13:07.283+07:00  INFO 22468 --- [parking-building-management-system] [  restartedMain] com.zaxxer.hikari.pool.HikariPool        : HikariPool-1 - Added connection conn0: url=jdbc:h2:mem:parkingdb user=SA
2026-07-11T00:13:07.289+07:00  INFO 22468 --- [parking-building-management-system] [  restartedMain] com.zaxxer.hikari.HikariDataSource       : HikariPool-1 - Start completed.
2026-07-11T00:13:07.340+07:00  WARN 22468 --- [parking-building-management-system] [  restartedMain] org.hibernate.orm.deprecation            : HHH90000025: H2Dialect does not need to be specified explicitly using 'hibernate.dialect' (remove the property setting and it will be selected by default)
2026-07-11T00:13:07.402+07:00  INFO 22468 --- [parking-building-management-system] [  restartedMain] org.hibernate.orm.connections.pooling    : HHH10001005: Database info:
	Database JDBC URL [Connecting through datasource 'HikariDataSource (HikariPool-1)']
	Database driver: undefined/unknown
	Database version: 2.3.232
	Autocommit mode: undefined/unknown
	Isolation level: undefined/unknown
	Minimum pool size: undefined/unknown
	Maximum pool size: undefined/unknown
2026-07-11T00:13:10.304+07:00  INFO 22468 --- [parking-building-management-system] [  restartedMain] o.h.e.t.j.p.i.JtaPlatformInitiator       : HHH000489: No JTA platform available (set 'hibernate.transaction.jta.platform' to enable JTA platform integration)
2026-07-11T00:13:10.345+07:00 DEBUG 22468 --- [parking-building-management-system] [  restartedMain] org.hibernate.SQL                        : drop table if exists audit_logs cascade 
Hibernate: drop table if exists audit_logs cascade 
2026-07-11T00:13:10.355+07:00 DEBUG 22468 --- [parking-building-management-system] [  restartedMain] org.hibernate.SQL                        : drop table if exists buildings cascade 
Hibernate: drop table if exists buildings cascade 
2026-07-11T00:13:10.356+07:00 DEBUG 22468 --- [parking-building-management-system] [  restartedMain] org.hibernate.SQL                        : drop table if exists feedbacks cascade 
Hibernate: drop table if exists feedbacks cascade 
2026-07-11T00:13:10.360+07:00 DEBUG 22468 --- [parking-building-management-system] [  restartedMain] org.hibernate.SQL                        : drop table if exists floor_supported_vehicle_types cascade 
Hibernate: drop table if exists floor_supported_vehicle_types cascade 
2026-07-11T00:13:10.362+07:00 DEBUG 22468 --- [parking-building-management-system] [  restartedMain] org.hibernate.SQL                        : drop table if exists floors cascade 
Hibernate: drop table if exists floors cascade 
2026-07-11T00:13:10.363+07:00 DEBUG 22468 --- [parking-building-management-system] [  restartedMain] org.hibernate.SQL                        : drop table if exists incidents cascade 
Hibernate: drop table if exists incidents cascade 
2026-07-11T00:13:10.366+07:00 DEBUG 22468 --- [parking-building-management-system] [  restartedMain] org.hibernate.SQL                        : drop table if exists parking_session_exceptions cascade 
Hibernate: drop table if exists parking_session_exceptions cascade 
2026-07-11T00:13:10.368+07:00 DEBUG 22468 --- [parking-building-management-system] [  restartedMain] org.hibernate.SQL                        : drop table if exists parking_sessions cascade 
Hibernate: drop table if exists parking_sessions cascade 
2026-07-11T00:13:10.368+07:00 DEBUG 22468 --- [parking-building-management-system] [  restartedMain] org.hibernate.SQL                        : drop table if exists parking_slots cascade 
Hibernate: drop table if exists parking_slots cascade 
2026-07-11T00:13:10.370+07:00 DEBUG 22468 --- [parking-building-management-system] [  restartedMain] org.hibernate.SQL                        : drop table if exists payments cascade 
Hibernate: drop table if exists payments cascade 
2026-07-11T00:13:10.372+07:00 DEBUG 22468 --- [parking-building-management-system] [  restartedMain] org.hibernate.SQL                        : drop table if exists permissions cascade 
Hibernate: drop table if exists permissions cascade 
2026-07-11T00:13:10.374+07:00 DEBUG 22468 --- [parking-building-management-system] [  restartedMain] org.hibernate.SQL                        : drop table if exists pricing cascade 
Hibernate: drop table if exists pricing cascade 
2026-07-11T00:13:10.376+07:00 DEBUG 22468 --- [parking-building-management-system] [  restartedMain] org.hibernate.SQL                        : drop table if exists reservations cascade 
Hibernate: drop table if exists reservations cascade 
2026-07-11T00:13:10.378+07:00 DEBUG 22468 --- [parking-building-management-system] [  restartedMain] org.hibernate.SQL                        : drop table if exists role_permissions cascade 
Hibernate: drop table if exists role_permissions cascade 
2026-07-11T00:13:10.382+07:00 DEBUG 22468 --- [parking-building-management-system] [  restartedMain] org.hibernate.SQL                        : drop table if exists roles cascade 
Hibernate: drop table if exists roles cascade 
2026-07-11T00:13:10.383+07:00 DEBUG 22468 --- [parking-building-management-system] [  restartedMain] org.hibernate.SQL                        : drop table if exists slot_recommendations cascade 
Hibernate: drop table if exists slot_recommendations cascade 
2026-07-11T00:13:10.384+07:00 DEBUG 22468 --- [parking-building-management-system] [  restartedMain] org.hibernate.SQL                        : drop table if exists system_settings cascade 
Hibernate: drop table if exists system_settings cascade 
2026-07-11T00:13:10.386+07:00 DEBUG 22468 --- [parking-building-management-system] [  restartedMain] org.hibernate.SQL                        : drop table if exists users cascade 
Hibernate: drop table if exists users cascade 
2026-07-11T00:13:10.389+07:00 DEBUG 22468 --- [parking-building-management-system] [  restartedMain] org.hibernate.SQL                        : drop table if exists vehicle_types cascade 
Hibernate: drop table if exists vehicle_types cascade 
2026-07-11T00:13:10.390+07:00 DEBUG 22468 --- [parking-building-management-system] [  restartedMain] org.hibernate.SQL                        : drop table if exists vehicles cascade 
Hibernate: drop table if exists vehicles cascade 
2026-07-11T00:13:10.403+07:00 DEBUG 22468 --- [parking-building-management-system] [  restartedMain] org.hibernate.SQL                        : create table audit_logs (actor_id bigint not null, created_at timestamp(6) not null, id bigint generated by default as identity, resource_id bigint not null, action varchar(50) not null, resource varchar(50) not null, actor_username varchar(100) not null, primary key (id))
Hibernate: create table audit_logs (actor_id bigint not null, created_at timestamp(6) not null, id bigint generated by default as identity, resource_id bigint not null, action varchar(50) not null, resource varchar(50) not null, actor_username varchar(100) not null, primary key (id))
2026-07-11T00:13:10.426+07:00 DEBUG 22468 --- [parking-building-management-system] [  restartedMain] org.hibernate.SQL                        : create table buildings (created_at timestamp(6) not null, id bigint generated by default as identity, building_name varchar(150) not null unique, address varchar(255) not null, primary key (id))
Hibernate: create table buildings (created_at timestamp(6) not null, id bigint generated by default as identity, building_name varchar(150) not null unique, address varchar(255) not null, primary key (id))
2026-07-11T00:13:10.435+07:00 DEBUG 22468 --- [parking-building-management-system] [  restartedMain] org.hibernate.SQL                        : create table feedbacks (created_at timestamp(6) not null, id bigint generated by default as identity, resolved_at timestamp(6), responded_by_user_id bigint, session_id bigint, user_id bigint not null, response varchar(1000), content TEXT not null, status enum ('NEW','RESOLVED','REVIEWED') not null, type enum ('HARD_TO_FIND','LOST_TICKET','OTHER','SLOT_OCCUPIED','WRONG_FEE') not null, primary key (id))
Hibernate: create table feedbacks (created_at timestamp(6) not null, id bigint generated by default as identity, resolved_at timestamp(6), responded_by_user_id bigint, session_id bigint, user_id bigint not null, response varchar(1000), content TEXT not null, status enum ('NEW','RESOLVED','REVIEWED') not null, type enum ('HARD_TO_FIND','LOST_TICKET','OTHER','SLOT_OCCUPIED','WRONG_FEE') not null, primary key (id))
2026-07-11T00:13:10.440+07:00 DEBUG 22468 --- [parking-building-management-system] [  restartedMain] org.hibernate.SQL                        : create table floor_supported_vehicle_types (floor_id bigint not null, vehicle_type_id bigint not null, primary key (floor_id, vehicle_type_id))
Hibernate: create table floor_supported_vehicle_types (floor_id bigint not null, vehicle_type_id bigint not null, primary key (floor_id, vehicle_type_id))
2026-07-11T00:13:10.445+07:00 DEBUG 22468 --- [parking-building-management-system] [  restartedMain] org.hibernate.SQL                        : create table floors (slot_count integer, building_id bigint not null, id bigint generated by default as identity, name varchar(50) not null, zone varchar(100), primary key (id))
Hibernate: create table floors (slot_count integer, building_id bigint not null, id bigint generated by default as identity, name varchar(50) not null, zone varchar(100), primary key (id))
2026-07-11T00:13:10.450+07:00 DEBUG 22468 --- [parking-building-management-system] [  restartedMain] org.hibernate.SQL                        : create table incidents (assignee_id bigint, id bigint generated by default as identity, processing_at timestamp(6), reported_at timestamp(6) not null, reporter_id bigint not null, resolved_at timestamp(6), session_id bigint, slot_id bigint, updated_at timestamp(6), description varchar(1000) not null, resolution varchar(1000), incident_type enum ('FACILITY_ISSUE','LOST_TICKET','OVERTIME','UNPAID','VEHICLE_DAMAGE','WRONG_PLATE','WRONG_ZONE') not null, status enum ('CLOSED','IN_PROGRESS','OPEN','RESOLVED') not null, primary key (id))
Hibernate: create table incidents (assignee_id bigint, id bigint generated by default as identity, processing_at timestamp(6), reported_at timestamp(6) not null, reporter_id bigint not null, resolved_at timestamp(6), session_id bigint, slot_id bigint, updated_at timestamp(6), description varchar(1000) not null, resolution varchar(1000), incident_type enum ('FACILITY_ISSUE','LOST_TICKET','OVERTIME','UNPAID','VEHICLE_DAMAGE','WRONG_PLATE','WRONG_ZONE') not null, status enum ('CLOSED','IN_PROGRESS','OPEN','RESOLVED') not null, primary key (id))
2026-07-11T00:13:10.458+07:00 DEBUG 22468 --- [parking-building-management-system] [  restartedMain] org.hibernate.SQL                        : create table parking_session_exceptions (extra_fee numeric(10,2), created_at timestamp(6) not null, created_by_user_id bigint, id bigint generated by default as identity, session_id bigint not null, reason TEXT, type enum ('LOST_TICKET','OVERTIME','UNPAID','WRONG_PLATE','WRONG_ZONE') not null, primary key (id))
Hibernate: create table parking_session_exceptions (extra_fee numeric(10,2), created_at timestamp(6) not null, created_by_user_id bigint, id bigint generated by default as identity, session_id bigint not null, reason TEXT, type enum ('LOST_TICKET','OVERTIME','UNPAID','WRONG_PLATE','WRONG_ZONE') not null, primary key (id))
2026-07-11T00:13:10.462+07:00 DEBUG 22468 --- [parking-building-management-system] [  restartedMain] org.hibernate.SQL                        : create table parking_sessions (fee numeric(12,2), check_in_at timestamp(6) not null, check_out_at timestamp(6), created_by_user_id bigint, id bigint generated by default as identity, reservation_id bigint unique, slot_id bigint not null, user_id bigint, vehicle_type_id bigint not null, entry_gate varchar(50), plate_number varchar(50) not null, ticket_code varchar(100) not null unique, notes TEXT, status enum ('ACTIVE','COMPLETED','EXPIRED','LOST_TICKET','UNPAID') not null, primary key (id))
Hibernate: create table parking_sessions (fee numeric(12,2), check_in_at timestamp(6) not null, check_out_at timestamp(6), created_by_user_id bigint, id bigint generated by default as identity, reservation_id bigint unique, slot_id bigint not null, user_id bigint, vehicle_type_id bigint not null, entry_gate varchar(50), plate_number varchar(50) not null, ticket_code varchar(100) not null unique, notes TEXT, status enum ('ACTIVE','COMPLETED','EXPIRED','LOST_TICKET','UNPAID') not null, primary key (id))
2026-07-11T00:13:10.466+07:00 DEBUG 22468 --- [parking-building-management-system] [  restartedMain] org.hibernate.SQL                        : create table parking_slots (floor_id bigint not null, id bigint generated by default as identity, updated_at timestamp(6), vehicle_type_id bigint not null, code varchar(50) not null unique, status enum ('AVAILABLE','BLOCKED','MAINTENANCE','OCCUPIED','RESERVED') not null, primary key (id))
Hibernate: create table parking_slots (floor_id bigint not null, id bigint generated by default as identity, updated_at timestamp(6), vehicle_type_id bigint not null, code varchar(50) not null unique, status enum ('AVAILABLE','BLOCKED','MAINTENANCE','OCCUPIED','RESERVED') not null, primary key (id))
2026-07-11T00:13:10.475+07:00 DEBUG 22468 --- [parking-building-management-system] [  restartedMain] org.hibernate.SQL                        : create table payments (amount numeric(10,2) not null, collected_by_user_id bigint, id bigint generated by default as identity, payment_time timestamp(6) not null, session_id bigint not null, method enum ('BANK_CARD','CASH','QR_CODE') not null, primary key (id))
Hibernate: create table payments (amount numeric(10,2) not null, collected_by_user_id bigint, id bigint generated by default as identity, payment_time timestamp(6) not null, session_id bigint not null, method enum ('BANK_CARD','CASH','QR_CODE') not null, primary key (id))
2026-07-11T00:13:10.486+07:00 DEBUG 22468 --- [parking-building-management-system] [  restartedMain] org.hibernate.SQL                        : create table permissions (id bigint generated by default as identity, name varchar(255) not null unique, primary key (id))
Hibernate: create table permissions (id bigint generated by default as identity, name varchar(255) not null unique, primary key (id))
2026-07-11T00:13:10.493+07:00 DEBUG 22468 --- [parking-building-management-system] [  restartedMain] org.hibernate.SQL                        : create table pricing (active boolean not null, lost_ticket_fee numeric(12,2), overnight_fee numeric(12,2), price numeric(12,2) not null, created_at timestamp(6) not null, id bigint generated by default as identity, updated_at timestamp(6), vehicle_type_id bigint not null, description varchar(255), time_unit enum ('DAILY','HOURLY','MONTHLY') not null, primary key (id), constraint uq_pricing_vehicle_type_unit unique (vehicle_type_id, time_unit))
Hibernate: create table pricing (active boolean not null, lost_ticket_fee numeric(12,2), overnight_fee numeric(12,2), price numeric(12,2) not null, created_at timestamp(6) not null, id bigint generated by default as identity, updated_at timestamp(6), vehicle_type_id bigint not null, description varchar(255), time_unit enum ('DAILY','HOURLY','MONTHLY') not null, primary key (id), constraint uq_pricing_vehicle_type_unit unique (vehicle_type_id, time_unit))
2026-07-11T00:13:10.498+07:00 DEBUG 22468 --- [parking-building-management-system] [  restartedMain] org.hibernate.SQL                        : create table reservations (created_at timestamp(6), end_at timestamp(6) not null, id bigint generated by default as identity, slot_id bigint not null, start_at timestamp(6) not null, updated_at timestamp(6), user_id bigint, vehicle_type_id bigint not null, plate_number varchar(20) not null, status enum ('CANCELLED','CHECKED_IN','COMPLETED','CONFIRMED','PENDING') not null, primary key (id))
Hibernate: create table reservations (created_at timestamp(6), end_at timestamp(6) not null, id bigint generated by default as identity, slot_id bigint not null, start_at timestamp(6) not null, updated_at timestamp(6), user_id bigint, vehicle_type_id bigint not null, plate_number varchar(20) not null, status enum ('CANCELLED','CHECKED_IN','COMPLETED','CONFIRMED','PENDING') not null, primary key (id))
2026-07-11T00:13:10.502+07:00 DEBUG 22468 --- [parking-building-management-system] [  restartedMain] org.hibernate.SQL                        : create table role_permissions (permission_id bigint not null, role_id bigint not null, primary key (permission_id, role_id))
Hibernate: create table role_permissions (permission_id bigint not null, role_id bigint not null, primary key (permission_id, role_id))
2026-07-11T00:13:10.507+07:00 DEBUG 22468 --- [parking-building-management-system] [  restartedMain] org.hibernate.SQL                        : create table roles (id bigint generated by default as identity, name varchar(50) not null unique, primary key (id))
Hibernate: create table roles (id bigint generated by default as identity, name varchar(50) not null unique, primary key (id))
2026-07-11T00:13:10.514+07:00 DEBUG 22468 --- [parking-building-management-system] [  restartedMain] org.hibernate.SQL                        : create table slot_recommendations (score float(53), created_at timestamp(6) not null, id bigint generated by default as identity, recommended_slot_id bigint, vehicle_type_id bigint not null, strategy varchar(50), primary key (id))
Hibernate: create table slot_recommendations (score float(53), created_at timestamp(6) not null, id bigint generated by default as identity, recommended_slot_id bigint, vehicle_type_id bigint not null, strategy varchar(50), primary key (id))
2026-07-11T00:13:10.521+07:00 DEBUG 22468 --- [parking-building-management-system] [  restartedMain] org.hibernate.SQL                        : create table system_settings (auto_block_overdue_slots boolean not null, default_hourly_rate numeric(12,2), id bigint not null, updated_at timestamp(6) not null, closing_time varchar(10) not null, opening_time varchar(10) not null, system_name varchar(100) not null, payment_mode enum ('CASH','CASHLESS','HYBRID') not null, primary key (id))
Hibernate: create table system_settings (auto_block_overdue_slots boolean not null, default_hourly_rate numeric(12,2), id bigint not null, updated_at timestamp(6) not null, closing_time varchar(10) not null, opening_time varchar(10) not null, system_name varchar(100) not null, payment_mode enum ('CASH','CASHLESS','HYBRID') not null, primary key (id))
2026-07-11T00:13:10.525+07:00 DEBUG 22468 --- [parking-building-management-system] [  restartedMain] org.hibernate.SQL                        : create table users (id bigint generated by default as identity, role_id bigint not null, updated_at timestamp(6), phone_number varchar(20), email varchar(100) not null unique, username varchar(100) not null unique, password varchar(255) not null, status enum ('ACTIVE','INACTIVE') not null, primary key (id))
Hibernate: create table users (id bigint generated by default as identity, role_id bigint not null, updated_at timestamp(6), phone_number varchar(20), email varchar(100) not null unique, username varchar(100) not null unique, password varchar(255) not null, status enum ('ACTIVE','INACTIVE') not null, primary key (id))
2026-07-11T00:13:10.529+07:00 DEBUG 22468 --- [parking-building-management-system] [  restartedMain] org.hibernate.SQL                        : create table vehicle_types (capacity_unit integer, hourly_rate float(53), created_at timestamp(6) not null, id bigint generated by default as identity, updated_at timestamp(6), code varchar(20) not null unique, color varchar(20), size varchar(50), name varchar(100) not null, description varchar(255), status enum ('ACTIVE','INACTIVE') not null, primary key (id), constraint uq_vehicle_type_name unique (name))
Hibernate: create table vehicle_types (capacity_unit integer, hourly_rate float(53), created_at timestamp(6) not null, id bigint generated by default as identity, updated_at timestamp(6), code varchar(20) not null unique, color varchar(20), size varchar(50), name varchar(100) not null, description varchar(255), status enum ('ACTIVE','INACTIVE') not null, primary key (id), constraint uq_vehicle_type_name unique (name))
2026-07-11T00:13:10.539+07:00 DEBUG 22468 --- [parking-building-management-system] [  restartedMain] org.hibernate.SQL                        : create table vehicles (created_at timestamp(6) not null, id bigint generated by default as identity, owner_user_id bigint, updated_at timestamp(6), vehicle_type_id bigint not null, color varchar(20), plate_number varchar(20) not null unique, primary key (id))
Hibernate: create table vehicles (created_at timestamp(6) not null, id bigint generated by default as identity, owner_user_id bigint, updated_at timestamp(6), vehicle_type_id bigint not null, color varchar(20), plate_number varchar(20) not null unique, primary key (id))
2026-07-11T00:13:10.544+07:00 DEBUG 22468 --- [parking-building-management-system] [  restartedMain] org.hibernate.SQL                        : create index idx_sessions_status on parking_sessions (status)
Hibernate: create index idx_sessions_status on parking_sessions (status)
2026-07-11T00:13:10.548+07:00 DEBUG 22468 --- [parking-building-management-system] [  restartedMain] org.hibernate.SQL                        : create index idx_sessions_plate on parking_sessions (plate_number)
Hibernate: create index idx_sessions_plate on parking_sessions (plate_number)
2026-07-11T00:13:10.549+07:00 DEBUG 22468 --- [parking-building-management-system] [  restartedMain] org.hibernate.SQL                        : create index idx_sessions_check_in on parking_sessions (check_in_at)
Hibernate: create index idx_sessions_check_in on parking_sessions (check_in_at)
2026-07-11T00:13:10.554+07:00 DEBUG 22468 --- [parking-building-management-system] [  restartedMain] org.hibernate.SQL                        : create index idx_sessions_check_out on parking_sessions (check_out_at)
Hibernate: create index idx_sessions_check_out on parking_sessions (check_out_at)
2026-07-11T00:13:10.556+07:00 DEBUG 22468 --- [parking-building-management-system] [  restartedMain] org.hibernate.SQL                        : create index idx_sessions_user on parking_sessions (user_id)
Hibernate: create index idx_sessions_user on parking_sessions (user_id)
2026-07-11T00:13:10.561+07:00 DEBUG 22468 --- [parking-building-management-system] [  restartedMain] org.hibernate.SQL                        : create index idx_payments_time on payments (payment_time)
Hibernate: create index idx_payments_time on payments (payment_time)
2026-07-11T00:13:10.565+07:00 DEBUG 22468 --- [parking-building-management-system] [  restartedMain] org.hibernate.SQL                        : create index idx_reservations_status on reservations (status)
Hibernate: create index idx_reservations_status on reservations (status)
2026-07-11T00:13:10.566+07:00 DEBUG 22468 --- [parking-building-management-system] [  restartedMain] org.hibernate.SQL                        : create index idx_reservations_start on reservations (start_at)
Hibernate: create index idx_reservations_start on reservations (start_at)
2026-07-11T00:13:10.568+07:00 DEBUG 22468 --- [parking-building-management-system] [  restartedMain] org.hibernate.SQL                        : create index idx_reservations_end on reservations (end_at)
Hibernate: create index idx_reservations_end on reservations (end_at)
2026-07-11T00:13:10.570+07:00 DEBUG 22468 --- [parking-building-management-system] [  restartedMain] org.hibernate.SQL                        : create index idx_reservations_plate on reservations (plate_number)
Hibernate: create index idx_reservations_plate on reservations (plate_number)
2026-07-11T00:13:10.575+07:00 DEBUG 22468 --- [parking-building-management-system] [  restartedMain] org.hibernate.SQL                        : create index idx_reservations_user on reservations (user_id)
Hibernate: create index idx_reservations_user on reservations (user_id)
2026-07-11T00:13:10.578+07:00 DEBUG 22468 --- [parking-building-management-system] [  restartedMain] org.hibernate.SQL                        : alter table if exists feedbacks add constraint FKf57tfy0lbat1uw6239jyke6np foreign key (responded_by_user_id) references users
Hibernate: alter table if exists feedbacks add constraint FKf57tfy0lbat1uw6239jyke6np foreign key (responded_by_user_id) references users
2026-07-11T00:13:10.657+07:00 DEBUG 22468 --- [parking-building-management-system] [  restartedMain] org.hibernate.SQL                        : alter table if exists feedbacks add constraint FKmibkomsdmsb74xyq0dkwb6n8x foreign key (session_id) references parking_sessions
Hibernate: alter table if exists feedbacks add constraint FKmibkomsdmsb74xyq0dkwb6n8x foreign key (session_id) references parking_sessions
2026-07-11T00:13:10.662+07:00 DEBUG 22468 --- [parking-building-management-system] [  restartedMain] org.hibernate.SQL                        : alter table if exists feedbacks add constraint FK312drfl5lquu37mu4trk8jkwx foreign key (user_id) references users
Hibernate: alter table if exists feedbacks add constraint FK312drfl5lquu37mu4trk8jkwx foreign key (user_id) references users
2026-07-11T00:13:10.667+07:00 DEBUG 22468 --- [parking-building-management-system] [  restartedMain] org.hibernate.SQL                        : alter table if exists floor_supported_vehicle_types add constraint FK3tehjt79fj9qc0jb9lgyjv5sc foreign key (vehicle_type_id) references vehicle_types
Hibernate: alter table if exists floor_supported_vehicle_types add constraint FK3tehjt79fj9qc0jb9lgyjv5sc foreign key (vehicle_type_id) references vehicle_types
2026-07-11T00:13:10.670+07:00 DEBUG 22468 --- [parking-building-management-system] [  restartedMain] org.hibernate.SQL                        : alter table if exists floor_supported_vehicle_types add constraint FK26jdysyb82a7vrxwpgiby17io foreign key (floor_id) references floors
Hibernate: alter table if exists floor_supported_vehicle_types add constraint FK26jdysyb82a7vrxwpgiby17io foreign key (floor_id) references floors
2026-07-11T00:13:10.674+07:00 DEBUG 22468 --- [parking-building-management-system] [  restartedMain] org.hibernate.SQL                        : alter table if exists floors add constraint FKdhibx5frs3cwiltccr79uks37 foreign key (building_id) references buildings
Hibernate: alter table if exists floors add constraint FKdhibx5frs3cwiltccr79uks37 foreign key (building_id) references buildings
2026-07-11T00:13:10.678+07:00 DEBUG 22468 --- [parking-building-management-system] [  restartedMain] org.hibernate.SQL                        : alter table if exists incidents add constraint FKhmiq51fx3iuwlvn28o2vyq4du foreign key (assignee_id) references users
Hibernate: alter table if exists incidents add constraint FKhmiq51fx3iuwlvn28o2vyq4du foreign key (assignee_id) references users
2026-07-11T00:13:10.683+07:00 DEBUG 22468 --- [parking-building-management-system] [  restartedMain] org.hibernate.SQL                        : alter table if exists incidents add constraint FKofcijy0t7vqdfsq7o5nmk59w1 foreign key (reporter_id) references users
Hibernate: alter table if exists incidents add constraint FKofcijy0t7vqdfsq7o5nmk59w1 foreign key (reporter_id) references users
2026-07-11T00:13:10.688+07:00 DEBUG 22468 --- [parking-building-management-system] [  restartedMain] org.hibernate.SQL                        : alter table if exists incidents add constraint FKm9rvpkg4tl7atgd0gldlnxrp foreign key (session_id) references parking_sessions
Hibernate: alter table if exists incidents add constraint FKm9rvpkg4tl7atgd0gldlnxrp foreign key (session_id) references parking_sessions
2026-07-11T00:13:10.694+07:00 DEBUG 22468 --- [parking-building-management-system] [  restartedMain] org.hibernate.SQL                        : alter table if exists incidents add constraint FKn19plpugmk6n547tckv9c0bbv foreign key (slot_id) references parking_slots
Hibernate: alter table if exists incidents add constraint FKn19plpugmk6n547tckv9c0bbv foreign key (slot_id) references parking_slots
2026-07-11T00:13:10.698+07:00 DEBUG 22468 --- [parking-building-management-system] [  restartedMain] org.hibernate.SQL                        : alter table if exists parking_session_exceptions add constraint FK5yirmj6cu3qc33hxpkxiixl0e foreign key (created_by_user_id) references users
Hibernate: alter table if exists parking_session_exceptions add constraint FK5yirmj6cu3qc33hxpkxiixl0e foreign key (created_by_user_id) references users
2026-07-11T00:13:10.704+07:00 DEBUG 22468 --- [parking-building-management-system] [  restartedMain] org.hibernate.SQL                        : alter table if exists parking_session_exceptions add constraint FKamaitkm69r88d263u8nay0pk7 foreign key (session_id) references parking_sessions
Hibernate: alter table if exists parking_session_exceptions add constraint FKamaitkm69r88d263u8nay0pk7 foreign key (session_id) references parking_sessions
2026-07-11T00:13:10.708+07:00 DEBUG 22468 --- [parking-building-management-system] [  restartedMain] org.hibernate.SQL                        : alter table if exists parking_sessions add constraint FKamv52ui6lbhujm54d1qnc35o foreign key (created_by_user_id) references users
Hibernate: alter table if exists parking_sessions add constraint FKamv52ui6lbhujm54d1qnc35o foreign key (created_by_user_id) references users
2026-07-11T00:13:10.714+07:00 DEBUG 22468 --- [parking-building-management-system] [  restartedMain] org.hibernate.SQL                        : alter table if exists parking_sessions add constraint FKp9ssgejordr55ko4o9sm34miu foreign key (reservation_id) references reservations
Hibernate: alter table if exists parking_sessions add constraint FKp9ssgejordr55ko4o9sm34miu foreign key (reservation_id) references reservations
2026-07-11T00:13:10.721+07:00 DEBUG 22468 --- [parking-building-management-system] [  restartedMain] org.hibernate.SQL                        : alter table if exists parking_sessions add constraint FKtrqvuphyoehfmvxm538kf6qyd foreign key (slot_id) references parking_slots
Hibernate: alter table if exists parking_sessions add constraint FKtrqvuphyoehfmvxm538kf6qyd foreign key (slot_id) references parking_slots
2026-07-11T00:13:10.731+07:00 DEBUG 22468 --- [parking-building-management-system] [  restartedMain] org.hibernate.SQL                        : alter table if exists parking_sessions add constraint FKhi2pnajgdqtw20klb0ofq31j8 foreign key (user_id) references users
Hibernate: alter table if exists parking_sessions add constraint FKhi2pnajgdqtw20klb0ofq31j8 foreign key (user_id) references users
2026-07-11T00:13:10.737+07:00 DEBUG 22468 --- [parking-building-management-system] [  restartedMain] org.hibernate.SQL                        : alter table if exists parking_sessions add constraint FKn8jg2g4xk41x59di5a5ggvavv foreign key (vehicle_type_id) references vehicle_types
Hibernate: alter table if exists parking_sessions add constraint FKn8jg2g4xk41x59di5a5ggvavv foreign key (vehicle_type_id) references vehicle_types
2026-07-11T00:13:10.743+07:00 DEBUG 22468 --- [parking-building-management-system] [  restartedMain] org.hibernate.SQL                        : alter table if exists parking_slots add constraint FKlwqj0vlq3y26h4ikgaboijwiq foreign key (floor_id) references floors
Hibernate: alter table if exists parking_slots add constraint FKlwqj0vlq3y26h4ikgaboijwiq foreign key (floor_id) references floors
2026-07-11T00:13:10.745+07:00 DEBUG 22468 --- [parking-building-management-system] [  restartedMain] org.hibernate.SQL                        : alter table if exists parking_slots add constraint FKadcsiam7o2rn32r5yx2wk7qmd foreign key (vehicle_type_id) references vehicle_types
Hibernate: alter table if exists parking_slots add constraint FKadcsiam7o2rn32r5yx2wk7qmd foreign key (vehicle_type_id) references vehicle_types
2026-07-11T00:13:10.749+07:00 DEBUG 22468 --- [parking-building-management-system] [  restartedMain] org.hibernate.SQL                        : alter table if exists payments add constraint FKfygq4xj11rd6fng3chqn6fcy7 foreign key (collected_by_user_id) references users
Hibernate: alter table if exists payments add constraint FKfygq4xj11rd6fng3chqn6fcy7 foreign key (collected_by_user_id) references users
2026-07-11T00:13:10.752+07:00 DEBUG 22468 --- [parking-building-management-system] [  restartedMain] org.hibernate.SQL                        : alter table if exists payments add constraint FKbr8q3hxwj7q3a5ratc4y5cs1n foreign key (session_id) references parking_sessions
Hibernate: alter table if exists payments add constraint FKbr8q3hxwj7q3a5ratc4y5cs1n foreign key (session_id) references parking_sessions
2026-07-11T00:13:10.756+07:00 DEBUG 22468 --- [parking-building-management-system] [  restartedMain] org.hibernate.SQL                        : alter table if exists pricing add constraint FKtnw6wkijanc1y5dq1jjatbv7t foreign key (vehicle_type_id) references vehicle_types
Hibernate: alter table if exists pricing add constraint FKtnw6wkijanc1y5dq1jjatbv7t foreign key (vehicle_type_id) references vehicle_types
2026-07-11T00:13:10.760+07:00 DEBUG 22468 --- [parking-building-management-system] [  restartedMain] org.hibernate.SQL                        : alter table if exists reservations add constraint FKa0t6epq80cb9fwefvastfqsg7 foreign key (slot_id) references parking_slots
Hibernate: alter table if exists reservations add constraint FKa0t6epq80cb9fwefvastfqsg7 foreign key (slot_id) references parking_slots
2026-07-11T00:13:10.765+07:00 DEBUG 22468 --- [parking-building-management-system] [  restartedMain] org.hibernate.SQL                        : alter table if exists reservations add constraint FKb5g9io5h54iwl2inkno50ppln foreign key (user_id) references users
Hibernate: alter table if exists reservations add constraint FKb5g9io5h54iwl2inkno50ppln foreign key (user_id) references users
2026-07-11T00:13:10.768+07:00 DEBUG 22468 --- [parking-building-management-system] [  restartedMain] org.hibernate.SQL                        : alter table if exists reservations add constraint FK1ug6myx83o9huge49oiyh4yqn foreign key (vehicle_type_id) references vehicle_types
Hibernate: alter table if exists reservations add constraint FK1ug6myx83o9huge49oiyh4yqn foreign key (vehicle_type_id) references vehicle_types
2026-07-11T00:13:10.772+07:00 DEBUG 22468 --- [parking-building-management-system] [  restartedMain] org.hibernate.SQL                        : alter table if exists role_permissions add constraint FKegdk29eiy7mdtefy5c7eirr6e foreign key (permission_id) references permissions
Hibernate: alter table if exists role_permissions add constraint FKegdk29eiy7mdtefy5c7eirr6e foreign key (permission_id) references permissions
2026-07-11T00:13:10.777+07:00 DEBUG 22468 --- [parking-building-management-system] [  restartedMain] org.hibernate.SQL                        : alter table if exists role_permissions add constraint FKn5fotdgk8d1xvo8nav9uv3muc foreign key (role_id) references roles
Hibernate: alter table if exists role_permissions add constraint FKn5fotdgk8d1xvo8nav9uv3muc foreign key (role_id) references roles
2026-07-11T00:13:10.780+07:00 DEBUG 22468 --- [parking-building-management-system] [  restartedMain] org.hibernate.SQL                        : alter table if exists slot_recommendations add constraint FKdxntg0088emhrgk40tke2hhrh foreign key (recommended_slot_id) references parking_slots
Hibernate: alter table if exists slot_recommendations add constraint FKdxntg0088emhrgk40tke2hhrh foreign key (recommended_slot_id) references parking_slots
2026-07-11T00:13:10.786+07:00 DEBUG 22468 --- [parking-building-management-system] [  restartedMain] org.hibernate.SQL                        : alter table if exists slot_recommendations add constraint FKr7d9e6lagqdqhw0ekprsfloki foreign key (vehicle_type_id) references vehicle_types
Hibernate: alter table if exists slot_recommendations add constraint FKr7d9e6lagqdqhw0ekprsfloki foreign key (vehicle_type_id) references vehicle_types
2026-07-11T00:13:10.790+07:00 DEBUG 22468 --- [parking-building-management-system] [  restartedMain] org.hibernate.SQL                        : alter table if exists users add constraint FKp56c1712k691lhsyewcssf40f foreign key (role_id) references roles
Hibernate: alter table if exists users add constraint FKp56c1712k691lhsyewcssf40f foreign key (role_id) references roles
2026-07-11T00:13:10.792+07:00 DEBUG 22468 --- [parking-building-management-system] [  restartedMain] org.hibernate.SQL                        : alter table if exists vehicles add constraint FK6s6g51xvsvk4b5fg73a317b48 foreign key (owner_user_id) references users
Hibernate: alter table if exists vehicles add constraint FK6s6g51xvsvk4b5fg73a317b48 foreign key (owner_user_id) references users
2026-07-11T00:13:10.796+07:00 DEBUG 22468 --- [parking-building-management-system] [  restartedMain] org.hibernate.SQL                        : alter table if exists vehicles add constraint FKk3cs3vldlan30kg1x6b57i4fe foreign key (vehicle_type_id) references vehicle_types
Hibernate: alter table if exists vehicles add constraint FKk3cs3vldlan30kg1x6b57i4fe foreign key (vehicle_type_id) references vehicle_types
2026-07-11T00:13:10.808+07:00  INFO 22468 --- [parking-building-management-system] [  restartedMain] j.LocalContainerEntityManagerFactoryBean : Initialized JPA EntityManagerFactory for persistence unit 'default'
2026-07-11T00:13:12.012+07:00  INFO 22468 --- [parking-building-management-system] [  restartedMain] o.s.d.j.r.query.QueryEnhancerFactory     : Hibernate is in classpath; If applicable, HQL parser will be used.
2026-07-11T00:13:13.586+07:00  INFO 22468 --- [parking-building-management-system] [  restartedMain] eAuthenticationProviderManagerConfigurer : Global AuthenticationManager configured with AuthenticationProvider bean with name authenticationProvider
2026-07-11T00:13:13.587+07:00  WARN 22468 --- [parking-building-management-system] [  restartedMain] r$InitializeUserDetailsManagerConfigurer : Global AuthenticationManager configured with an AuthenticationProvider bean. UserDetailsService beans will not be used by Spring Security for automatically configuring username/password login. Consider removing the AuthenticationProvider bean. Alternatively, consider using the UserDetailsService in a manually instantiated DaoAuthenticationProvider. If the current configuration is intentional, to turn off this warning, increase the logging level of 'org.springframework.security.config.annotation.authentication.configuration.InitializeUserDetailsBeanManagerConfigurer' to ERROR
2026-07-11T00:13:14.024+07:00  WARN 22468 --- [parking-building-management-system] [  restartedMain] JpaBaseConfiguration$JpaWebConfiguration : spring.jpa.open-in-view is enabled by default. Therefore, database queries may be performed during view rendering. Explicitly configure spring.jpa.open-in-view to disable this warning
2026-07-11T00:13:14.323+07:00  INFO 22468 --- [parking-building-management-system] [  restartedMain] o.s.b.a.e.web.EndpointLinksResolver      : Exposing 1 endpoint beneath base path '/actuator'
2026-07-11T00:13:14.735+07:00  INFO 22468 --- [parking-building-management-system] [  restartedMain] o.s.b.a.h2.H2ConsoleAutoConfiguration    : H2 console available at '/h2-console'. Database available at 'jdbc:h2:mem:parkingdb'
2026-07-11T00:13:14.754+07:00  INFO 22468 --- [parking-building-management-system] [  restartedMain] o.s.b.d.a.OptionalLiveReloadServer       : LiveReload server is running on port 35729
2026-07-11T00:13:14.809+07:00  INFO 22468 --- [parking-building-management-system] [  restartedMain] o.s.b.w.embedded.tomcat.TomcatWebServer  : Tomcat started on port 8080 (http) with context path '/'
2026-07-11T00:13:14.819+07:00  INFO 22468 --- [parking-building-management-system] [  restartedMain] rkingBuildingManagementSystemApplication : Started ParkingBuildingManagementSystemApplication in 10.871 seconds (process running for 11.269)
Profiles = [dev]
Admin password = admin123
2026-07-11T00:13:14.930+07:00 DEBUG 22468 --- [parking-building-management-system] [  restartedMain] org.hibernate.SQL                        : select p1_0.id,p1_0.name from permissions p1_0 where p1_0.name=?
Hibernate: select p1_0.id,p1_0.name from permissions p1_0 where p1_0.name=?
2026-07-11T00:13:14.984+07:00 DEBUG 22468 --- [parking-building-management-system] [  restartedMain] org.hibernate.SQL                        : insert into permissions (name,id) values (?,default)
Hibernate: insert into permissions (name,id) values (?,default)
2026-07-11T00:13:15.002+07:00 DEBUG 22468 --- [parking-building-management-system] [  restartedMain] org.hibernate.SQL                        : select p1_0.id,p1_0.name from permissions p1_0 where p1_0.name=?
Hibernate: select p1_0.id,p1_0.name from permissions p1_0 where p1_0.name=?
2026-07-11T00:13:15.003+07:00 DEBUG 22468 --- [parking-building-management-system] [  restartedMain] org.hibernate.SQL                        : insert into permissions (name,id) values (?,default)
Hibernate: insert into permissions (name,id) values (?,default)
2026-07-11T00:13:15.006+07:00 DEBUG 22468 --- [parking-building-management-system] [  restartedMain] org.hibernate.SQL                        : select p1_0.id,p1_0.name from permissions p1_0 where p1_0.name=?
Hibernate: select p1_0.id,p1_0.name from permissions p1_0 where p1_0.name=?
2026-07-11T00:13:15.007+07:00 DEBUG 22468 --- [parking-building-management-system] [  restartedMain] org.hibernate.SQL                        : insert into permissions (name,id) values (?,default)
Hibernate: insert into permissions (name,id) values (?,default)
2026-07-11T00:13:15.009+07:00 DEBUG 22468 --- [parking-building-management-system] [  restartedMain] org.hibernate.SQL                        : select p1_0.id,p1_0.name from permissions p1_0 where p1_0.name=?
Hibernate: select p1_0.id,p1_0.name from permissions p1_0 where p1_0.name=?
2026-07-11T00:13:15.010+07:00 DEBUG 22468 --- [parking-building-management-system] [  restartedMain] org.hibernate.SQL                        : insert into permissions (name,id) values (?,default)
Hibernate: insert into permissions (name,id) values (?,default)
2026-07-11T00:13:15.013+07:00 DEBUG 22468 --- [parking-building-management-system] [  restartedMain] org.hibernate.SQL                        : select p1_0.id,p1_0.name from permissions p1_0 where p1_0.name=?
Hibernate: select p1_0.id,p1_0.name from permissions p1_0 where p1_0.name=?
2026-07-11T00:13:15.015+07:00 DEBUG 22468 --- [parking-building-management-system] [  restartedMain] org.hibernate.SQL                        : select p1_0.id,p1_0.name from permissions p1_0 where p1_0.name=?
Hibernate: select p1_0.id,p1_0.name from permissions p1_0 where p1_0.name=?
2026-07-11T00:13:15.017+07:00 DEBUG 22468 --- [parking-building-management-system] [  restartedMain] org.hibernate.SQL                        : select p1_0.id,p1_0.name from permissions p1_0 where p1_0.name=?
Hibernate: select p1_0.id,p1_0.name from permissions p1_0 where p1_0.name=?
2026-07-11T00:13:15.020+07:00 DEBUG 22468 --- [parking-building-management-system] [  restartedMain] org.hibernate.SQL                        : select p1_0.id,p1_0.name from permissions p1_0 where p1_0.name=?
Hibernate: select p1_0.id,p1_0.name from permissions p1_0 where p1_0.name=?
2026-07-11T00:13:15.022+07:00 DEBUG 22468 --- [parking-building-management-system] [  restartedMain] org.hibernate.SQL                        : select r1_0.id,r1_0.name from roles r1_0 where r1_0.name=?
Hibernate: select r1_0.id,r1_0.name from roles r1_0 where r1_0.name=?
2026-07-11T00:13:15.031+07:00 DEBUG 22468 --- [parking-building-management-system] [  restartedMain] org.hibernate.SQL                        : insert into roles (name,id) values (?,default)
Hibernate: insert into roles (name,id) values (?,default)
2026-07-11T00:13:15.037+07:00 DEBUG 22468 --- [parking-building-management-system] [  restartedMain] org.hibernate.SQL                        : select r1_0.id,r1_0.name from roles r1_0 where r1_0.name=?
Hibernate: select r1_0.id,r1_0.name from roles r1_0 where r1_0.name=?
2026-07-11T00:13:15.039+07:00 DEBUG 22468 --- [parking-building-management-system] [  restartedMain] org.hibernate.SQL                        : insert into roles (name,id) values (?,default)
Hibernate: insert into roles (name,id) values (?,default)
2026-07-11T00:13:15.041+07:00 DEBUG 22468 --- [parking-building-management-system] [  restartedMain] org.hibernate.SQL                        : select r1_0.id,r1_0.name from roles r1_0 where r1_0.name=?
Hibernate: select r1_0.id,r1_0.name from roles r1_0 where r1_0.name=?
2026-07-11T00:13:15.043+07:00 DEBUG 22468 --- [parking-building-management-system] [  restartedMain] org.hibernate.SQL                        : insert into roles (name,id) values (?,default)
Hibernate: insert into roles (name,id) values (?,default)
2026-07-11T00:13:15.044+07:00 DEBUG 22468 --- [parking-building-management-system] [  restartedMain] org.hibernate.SQL                        : select r1_0.id,r1_0.name from roles r1_0 where r1_0.name=?
Hibernate: select r1_0.id,r1_0.name from roles r1_0 where r1_0.name=?
2026-07-11T00:13:15.046+07:00 DEBUG 22468 --- [parking-building-management-system] [  restartedMain] org.hibernate.SQL                        : insert into roles (name,id) values (?,default)
Hibernate: insert into roles (name,id) values (?,default)
2026-07-11T00:13:15.050+07:00 DEBUG 22468 --- [parking-building-management-system] [  restartedMain] org.hibernate.SQL                        : select u1_0.id,u1_0.email,u1_0.password,u1_0.phone_number,u1_0.role_id,u1_0.status,u1_0.updated_at,u1_0.username from users u1_0 where u1_0.username=?
Hibernate: select u1_0.id,u1_0.email,u1_0.password,u1_0.phone_number,u1_0.role_id,u1_0.status,u1_0.updated_at,u1_0.username from users u1_0 where u1_0.username=?
2026-07-11T00:13:15.054+07:00 DEBUG 22468 --- [parking-building-management-system] [  restartedMain] org.hibernate.SQL                        : select r1_0.id,r1_0.name from roles r1_0 where r1_0.name=?
Hibernate: select r1_0.id,r1_0.name from roles r1_0 where r1_0.name=?
2026-07-11T00:13:15.131+07:00 DEBUG 22468 --- [parking-building-management-system] [  restartedMain] org.hibernate.SQL                        : insert into users (email,password,phone_number,role_id,status,updated_at,username,id) values (?,?,?,?,?,?,?,default)
Hibernate: insert into users (email,password,phone_number,role_id,status,updated_at,username,id) values (?,?,?,?,?,?,?,default)
Seeded admin user: admin
2026-07-11T00:13:15.147+07:00 DEBUG 22468 --- [parking-building-management-system] [  restartedMain] org.hibernate.SQL                        : select count(*) from buildings b1_0
Hibernate: select count(*) from buildings b1_0
2026-07-11T00:13:15.152+07:00 DEBUG 22468 --- [parking-building-management-system] [  restartedMain] org.hibernate.SQL                        : insert into buildings (address,building_name,created_at,id) values (?,?,?,default)
Hibernate: insert into buildings (address,building_name,created_at,id) values (?,?,?,default)
Seeded default building
2026-07-11T00:13:15.158+07:00 DEBUG 22468 --- [parking-building-management-system] [  restartedMain] org.hibernate.SQL                        : select vt1_0.id,vt1_0.capacity_unit,vt1_0.code,vt1_0.color,vt1_0.created_at,vt1_0.description,vt1_0.hourly_rate,vt1_0.name,vt1_0.size,vt1_0.status,vt1_0.updated_at from vehicle_types vt1_0 where vt1_0.code=?
Hibernate: select vt1_0.id,vt1_0.capacity_unit,vt1_0.code,vt1_0.color,vt1_0.created_at,vt1_0.description,vt1_0.hourly_rate,vt1_0.name,vt1_0.size,vt1_0.status,vt1_0.updated_at from vehicle_types vt1_0 where vt1_0.code=?
2026-07-11T00:13:15.160+07:00 DEBUG 22468 --- [parking-building-management-system] [  restartedMain] org.hibernate.SQL                        : insert into vehicle_types (capacity_unit,code,color,created_at,description,hourly_rate,name,size,status,updated_at,id) values (?,?,?,?,?,?,?,?,?,?,default)
Hibernate: insert into vehicle_types (capacity_unit,code,color,created_at,description,hourly_rate,name,size,status,updated_at,id) values (?,?,?,?,?,?,?,?,?,?,default)
Seeded vehicle type: MOTORBIKE
2026-07-11T00:13:15.164+07:00 DEBUG 22468 --- [parking-building-management-system] [  restartedMain] org.hibernate.SQL                        : select vt1_0.id,vt1_0.capacity_unit,vt1_0.code,vt1_0.color,vt1_0.created_at,vt1_0.description,vt1_0.hourly_rate,vt1_0.name,vt1_0.size,vt1_0.status,vt1_0.updated_at from vehicle_types vt1_0 where vt1_0.code=?
Hibernate: select vt1_0.id,vt1_0.capacity_unit,vt1_0.code,vt1_0.color,vt1_0.created_at,vt1_0.description,vt1_0.hourly_rate,vt1_0.name,vt1_0.size,vt1_0.status,vt1_0.updated_at from vehicle_types vt1_0 where vt1_0.code=?
2026-07-11T00:13:15.166+07:00 DEBUG 22468 --- [parking-building-management-system] [  restartedMain] org.hibernate.SQL                        : insert into vehicle_types (capacity_unit,code,color,created_at,description,hourly_rate,name,size,status,updated_at,id) values (?,?,?,?,?,?,?,?,?,?,default)
Hibernate: insert into vehicle_types (capacity_unit,code,color,created_at,description,hourly_rate,name,size,status,updated_at,id) values (?,?,?,?,?,?,?,?,?,?,default)
Seeded vehicle type: CAR
2026-07-11T00:13:15.169+07:00 DEBUG 22468 --- [parking-building-management-system] [  restartedMain] org.hibernate.SQL                        : select vt1_0.id,vt1_0.capacity_unit,vt1_0.code,vt1_0.color,vt1_0.created_at,vt1_0.description,vt1_0.hourly_rate,vt1_0.name,vt1_0.size,vt1_0.status,vt1_0.updated_at from vehicle_types vt1_0 where vt1_0.code=?
Hibernate: select vt1_0.id,vt1_0.capacity_unit,vt1_0.code,vt1_0.color,vt1_0.created_at,vt1_0.description,vt1_0.hourly_rate,vt1_0.name,vt1_0.size,vt1_0.status,vt1_0.updated_at from vehicle_types vt1_0 where vt1_0.code=?
2026-07-11T00:13:15.170+07:00 DEBUG 22468 --- [parking-building-management-system] [  restartedMain] org.hibernate.SQL                        : insert into vehicle_types (capacity_unit,code,color,created_at,description,hourly_rate,name,size,status,updated_at,id) values (?,?,?,?,?,?,?,?,?,?,default)
Hibernate: insert into vehicle_types (capacity_unit,code,color,created_at,description,hourly_rate,name,size,status,updated_at,id) values (?,?,?,?,?,?,?,?,?,?,default)
Seeded vehicle type: EV
2026-07-11T00:13:15.174+07:00 DEBUG 22468 --- [parking-building-management-system] [  restartedMain] org.hibernate.SQL                        : select vt1_0.id,vt1_0.capacity_unit,vt1_0.code,vt1_0.color,vt1_0.created_at,vt1_0.description,vt1_0.hourly_rate,vt1_0.name,vt1_0.size,vt1_0.status,vt1_0.updated_at from vehicle_types vt1_0 where vt1_0.code=?
Hibernate: select vt1_0.id,vt1_0.capacity_unit,vt1_0.code,vt1_0.color,vt1_0.created_at,vt1_0.description,vt1_0.hourly_rate,vt1_0.name,vt1_0.size,vt1_0.status,vt1_0.updated_at from vehicle_types vt1_0 where vt1_0.code=?
2026-07-11T00:13:15.175+07:00 DEBUG 22468 --- [parking-building-management-system] [  restartedMain] org.hibernate.SQL                        : insert into vehicle_types (capacity_unit,code,color,created_at,description,hourly_rate,name,size,status,updated_at,id) values (?,?,?,?,?,?,?,?,?,?,default)
Hibernate: insert into vehicle_types (capacity_unit,code,color,created_at,description,hourly_rate,name,size,status,updated_at,id) values (?,?,?,?,?,?,?,?,?,?,default)
Seeded vehicle type: TRUCK
2026-07-11T00:13:15.177+07:00 DEBUG 22468 --- [parking-building-management-system] [  restartedMain] org.hibernate.SQL                        : select vt1_0.id,vt1_0.capacity_unit,vt1_0.code,vt1_0.color,vt1_0.created_at,vt1_0.description,vt1_0.hourly_rate,vt1_0.name,vt1_0.size,vt1_0.status,vt1_0.updated_at from vehicle_types vt1_0 where vt1_0.code=?
Hibernate: select vt1_0.id,vt1_0.capacity_unit,vt1_0.code,vt1_0.color,vt1_0.created_at,vt1_0.description,vt1_0.hourly_rate,vt1_0.name,vt1_0.size,vt1_0.status,vt1_0.updated_at from vehicle_types vt1_0 where vt1_0.code=?
2026-07-11T00:13:15.180+07:00 DEBUG 22468 --- [parking-building-management-system] [  restartedMain] org.hibernate.SQL                        : insert into vehicle_types (capacity_unit,code,color,created_at,description,hourly_rate,name,size,status,updated_at,id) values (?,?,?,?,?,?,?,?,?,?,default)
Hibernate: insert into vehicle_types (capacity_unit,code,color,created_at,description,hourly_rate,name,size,status,updated_at,id) values (?,?,?,?,?,?,?,?,?,?,default)
Seeded vehicle type: COACH
2026-07-11T00:13:15.182+07:00 DEBUG 22468 --- [parking-building-management-system] [  restartedMain] org.hibernate.SQL                        : select vt1_0.id,vt1_0.capacity_unit,vt1_0.code,vt1_0.color,vt1_0.created_at,vt1_0.description,vt1_0.hourly_rate,vt1_0.name,vt1_0.size,vt1_0.status,vt1_0.updated_at from vehicle_types vt1_0 where vt1_0.code=?
Hibernate: select vt1_0.id,vt1_0.capacity_unit,vt1_0.code,vt1_0.color,vt1_0.created_at,vt1_0.description,vt1_0.hourly_rate,vt1_0.name,vt1_0.size,vt1_0.status,vt1_0.updated_at from vehicle_types vt1_0 where vt1_0.code=?
2026-07-11T00:13:15.184+07:00 DEBUG 22468 --- [parking-building-management-system] [  restartedMain] org.hibernate.SQL                        : select vt1_0.id,vt1_0.capacity_unit,vt1_0.code,vt1_0.color,vt1_0.created_at,vt1_0.description,vt1_0.hourly_rate,vt1_0.name,vt1_0.size,vt1_0.status,vt1_0.updated_at from vehicle_types vt1_0 where vt1_0.code=?
Hibernate: select vt1_0.id,vt1_0.capacity_unit,vt1_0.code,vt1_0.color,vt1_0.created_at,vt1_0.description,vt1_0.hourly_rate,vt1_0.name,vt1_0.size,vt1_0.status,vt1_0.updated_at from vehicle_types vt1_0 where vt1_0.code=?
2026-07-11T00:13:15.187+07:00 DEBUG 22468 --- [parking-building-management-system] [  restartedMain] org.hibernate.SQL                        : select vt1_0.id,vt1_0.capacity_unit,vt1_0.code,vt1_0.color,vt1_0.created_at,vt1_0.description,vt1_0.hourly_rate,vt1_0.name,vt1_0.size,vt1_0.status,vt1_0.updated_at from vehicle_types vt1_0 where vt1_0.code=?
Hibernate: select vt1_0.id,vt1_0.capacity_unit,vt1_0.code,vt1_0.color,vt1_0.created_at,vt1_0.description,vt1_0.hourly_rate,vt1_0.name,vt1_0.size,vt1_0.status,vt1_0.updated_at from vehicle_types vt1_0 where vt1_0.code=?
2026-07-11T00:13:15.190+07:00 DEBUG 22468 --- [parking-building-management-system] [  restartedMain] org.hibernate.SQL                        : select vt1_0.id,vt1_0.capacity_unit,vt1_0.code,vt1_0.color,vt1_0.created_at,vt1_0.description,vt1_0.hourly_rate,vt1_0.name,vt1_0.size,vt1_0.status,vt1_0.updated_at from vehicle_types vt1_0 where vt1_0.code=?
Hibernate: select vt1_0.id,vt1_0.capacity_unit,vt1_0.code,vt1_0.color,vt1_0.created_at,vt1_0.description,vt1_0.hourly_rate,vt1_0.name,vt1_0.size,vt1_0.status,vt1_0.updated_at from vehicle_types vt1_0 where vt1_0.code=?
2026-07-11T00:13:15.192+07:00 DEBUG 22468 --- [parking-building-management-system] [  restartedMain] org.hibernate.SQL                        : select vt1_0.id,vt1_0.capacity_unit,vt1_0.code,vt1_0.color,vt1_0.created_at,vt1_0.description,vt1_0.hourly_rate,vt1_0.name,vt1_0.size,vt1_0.status,vt1_0.updated_at from vehicle_types vt1_0 where vt1_0.code=?
Hibernate: select vt1_0.id,vt1_0.capacity_unit,vt1_0.code,vt1_0.color,vt1_0.created_at,vt1_0.description,vt1_0.hourly_rate,vt1_0.name,vt1_0.size,vt1_0.status,vt1_0.updated_at from vehicle_types vt1_0 where vt1_0.code=?
2026-07-11T00:13:15.198+07:00 DEBUG 22468 --- [parking-building-management-system] [  restartedMain] org.hibernate.SQL                        : insert into role_permissions (role_id,permission_id) values (?,?)
Hibernate: insert into role_permissions (role_id,permission_id) values (?,?)
2026-07-11T00:13:15.200+07:00 DEBUG 22468 --- [parking-building-management-system] [  restartedMain] org.hibernate.SQL                        : insert into role_permissions (role_id,permission_id) values (?,?)
Hibernate: insert into role_permissions (role_id,permission_id) values (?,?)
2026-07-11T00:13:15.201+07:00 DEBUG 22468 --- [parking-building-management-system] [  restartedMain] org.hibernate.SQL                        : insert into role_permissions (role_id,permission_id) values (?,?)
Hibernate: insert into role_permissions (role_id,permission_id) values (?,?)
2026-07-11T00:13:15.201+07:00 DEBUG 22468 --- [parking-building-management-system] [  restartedMain] org.hibernate.SQL                        : insert into role_permissions (role_id,permission_id) values (?,?)
Hibernate: insert into role_permissions (role_id,permission_id) values (?,?)
2026-07-11T00:13:15.202+07:00 DEBUG 22468 --- [parking-building-management-system] [  restartedMain] org.hibernate.SQL                        : insert into role_permissions (role_id,permission_id) values (?,?)
Hibernate: insert into role_permissions (role_id,permission_id) values (?,?)
2026-07-11T00:13:15.202+07:00 DEBUG 22468 --- [parking-building-management-system] [  restartedMain] org.hibernate.SQL                        : insert into role_permissions (role_id,permission_id) values (?,?)
Hibernate: insert into role_permissions (role_id,permission_id) values (?,?)
2026-07-11T00:13:15.203+07:00 DEBUG 22468 --- [parking-building-management-system] [  restartedMain] org.hibernate.SQL                        : insert into role_permissions (role_id,permission_id) values (?,?)
Hibernate: insert into role_permissions (role_id,permission_id) values (?,?)
2026-07-11T00:13:15.203+07:00 DEBUG 22468 --- [parking-building-management-system] [  restartedMain] org.hibernate.SQL                        : insert into role_permissions (role_id,permission_id) values (?,?)
Hibernate: insert into role_permissions (role_id,permission_id) values (?,?)
2026-07-11T00:13:15.203+07:00 DEBUG 22468 --- [parking-building-management-system] [  restartedMain] org.hibernate.SQL                        : insert into role_permissions (role_id,permission_id) values (?,?)
Hibernate: insert into role_permissions (role_id,permission_id) values (?,?)
2026-07-11T00:13:15.204+07:00 DEBUG 22468 --- [parking-building-management-system] [  restartedMain] org.hibernate.SQL                        : insert into role_permissions (role_id,permission_id) values (?,?)
Hibernate: insert into role_permissions (role_id,permission_id) values (?,?)
2026-07-11T00:13:15.204+07:00 DEBUG 22468 --- [parking-building-management-system] [  restartedMain] org.hibernate.SQL                        : insert into role_permissions (role_id,permission_id) values (?,?)
Hibernate: insert into role_permissions (role_id,permission_id) values (?,?)
2026-07-11T00:13:15.204+07:00 DEBUG 22468 --- [parking-building-management-system] [  restartedMain] org.hibernate.SQL                        : insert into role_permissions (role_id,permission_id) values (?,?)
Hibernate: insert into role_permissions (role_id,permission_id) values (?,?)
2026-07-11T00:13:15.206+07:00 DEBUG 22468 --- [parking-building-management-system] [  restartedMain] org.hibernate.SQL                        : select count(*) from floors f1_0
Hibernate: select count(*) from floors f1_0
2026-07-11T00:13:15.208+07:00 DEBUG 22468 --- [parking-building-management-system] [  restartedMain] org.hibernate.SQL                        : insert into floors (building_id,name,slot_count,zone,id) values (?,?,?,?,default)
Hibernate: insert into floors (building_id,name,slot_count,zone,id) values (?,?,?,?,default)
2026-07-11T00:13:15.210+07:00 DEBUG 22468 --- [parking-building-management-system] [  restartedMain] org.hibernate.SQL                        : insert into floors (building_id,name,slot_count,zone,id) values (?,?,?,?,default)
Hibernate: insert into floors (building_id,name,slot_count,zone,id) values (?,?,?,?,default)
2026-07-11T00:13:15.211+07:00 DEBUG 22468 --- [parking-building-management-system] [  restartedMain] org.hibernate.SQL                        : insert into floors (building_id,name,slot_count,zone,id) values (?,?,?,?,default)
Hibernate: insert into floors (building_id,name,slot_count,zone,id) values (?,?,?,?,default)
2026-07-11T00:13:15.211+07:00 DEBUG 22468 --- [parking-building-management-system] [  restartedMain] org.hibernate.SQL                        : insert into floors (building_id,name,slot_count,zone,id) values (?,?,?,?,default)
Hibernate: insert into floors (building_id,name,slot_count,zone,id) values (?,?,?,?,default)
Seeded floors
2026-07-11T00:13:15.215+07:00 DEBUG 22468 --- [parking-building-management-system] [  restartedMain] org.hibernate.SQL                        : select count(*) from parking_slots ps1_0
Hibernate: select count(*) from parking_slots ps1_0
2026-07-11T00:13:15.218+07:00 DEBUG 22468 --- [parking-building-management-system] [  restartedMain] org.hibernate.SQL                        : select f1_0.id,f1_0.building_id,f1_0.name,f1_0.slot_count,f1_0.zone from floors f1_0
Hibernate: select f1_0.id,f1_0.building_id,f1_0.name,f1_0.slot_count,f1_0.zone from floors f1_0
2026-07-11T00:13:15.224+07:00 DEBUG 22468 --- [parking-building-management-system] [  restartedMain] org.hibernate.SQL                        : insert into parking_slots (code,floor_id,status,updated_at,vehicle_type_id,id) values (?,?,?,?,?,default)
Hibernate: insert into parking_slots (code,floor_id,status,updated_at,vehicle_type_id,id) values (?,?,?,?,?,default)
2026-07-11T00:13:15.224+07:00 DEBUG 22468 --- [parking-building-management-system] [  restartedMain] org.hibernate.SQL                        : insert into parking_slots (code,floor_id,status,updated_at,vehicle_type_id,id) values (?,?,?,?,?,default)
Hibernate: insert into parking_slots (code,floor_id,status,updated_at,vehicle_type_id,id) values (?,?,?,?,?,default)
2026-07-11T00:13:15.225+07:00 DEBUG 22468 --- [parking-building-management-system] [  restartedMain] org.hibernate.SQL                        : insert into parking_slots (code,floor_id,status,updated_at,vehicle_type_id,id) values (?,?,?,?,?,default)
Hibernate: insert into parking_slots (code,floor_id,status,updated_at,vehicle_type_id,id) values (?,?,?,?,?,default)
2026-07-11T00:13:15.227+07:00 DEBUG 22468 --- [parking-building-management-system] [  restartedMain] org.hibernate.SQL                        : insert into parking_slots (code,floor_id,status,updated_at,vehicle_type_id,id) values (?,?,?,?,?,default)
Hibernate: insert into parking_slots (code,floor_id,status,updated_at,vehicle_type_id,id) values (?,?,?,?,?,default)
2026-07-11T00:13:15.229+07:00 DEBUG 22468 --- [parking-building-management-system] [  restartedMain] org.hibernate.SQL                        : insert into parking_slots (code,floor_id,status,updated_at,vehicle_type_id,id) values (?,?,?,?,?,default)
Hibernate: insert into parking_slots (code,floor_id,status,updated_at,vehicle_type_id,id) values (?,?,?,?,?,default)
2026-07-11T00:13:15.230+07:00 DEBUG 22468 --- [parking-building-management-system] [  restartedMain] org.hibernate.SQL                        : insert into parking_slots (code,floor_id,status,updated_at,vehicle_type_id,id) values (?,?,?,?,?,default)
Hibernate: insert into parking_slots (code,floor_id,status,updated_at,vehicle_type_id,id) values (?,?,?,?,?,default)
2026-07-11T00:13:15.231+07:00 DEBUG 22468 --- [parking-building-management-system] [  restartedMain] org.hibernate.SQL                        : insert into parking_slots (code,floor_id,status,updated_at,vehicle_type_id,id) values (?,?,?,?,?,default)
Hibernate: insert into parking_slots (code,floor_id,status,updated_at,vehicle_type_id,id) values (?,?,?,?,?,default)
2026-07-11T00:13:15.232+07:00 DEBUG 22468 --- [parking-building-management-system] [  restartedMain] org.hibernate.SQL                        : insert into parking_slots (code,floor_id,status,updated_at,vehicle_type_id,id) values (?,?,?,?,?,default)
Hibernate: insert into parking_slots (code,floor_id,status,updated_at,vehicle_type_id,id) values (?,?,?,?,?,default)
2026-07-11T00:13:15.232+07:00 DEBUG 22468 --- [parking-building-management-system] [  restartedMain] org.hibernate.SQL                        : insert into parking_slots (code,floor_id,status,updated_at,vehicle_type_id,id) values (?,?,?,?,?,default)
Hibernate: insert into parking_slots (code,floor_id,status,updated_at,vehicle_type_id,id) values (?,?,?,?,?,default)
2026-07-11T00:13:15.233+07:00 DEBUG 22468 --- [parking-building-management-system] [  restartedMain] org.hibernate.SQL                        : insert into parking_slots (code,floor_id,status,updated_at,vehicle_type_id,id) values (?,?,?,?,?,default)
Hibernate: insert into parking_slots (code,floor_id,status,updated_at,vehicle_type_id,id) values (?,?,?,?,?,default)
2026-07-11T00:13:15.235+07:00 DEBUG 22468 --- [parking-building-management-system] [  restartedMain] org.hibernate.SQL                        : insert into parking_slots (code,floor_id,status,updated_at,vehicle_type_id,id) values (?,?,?,?,?,default)
Hibernate: insert into parking_slots (code,floor_id,status,updated_at,vehicle_type_id,id) values (?,?,?,?,?,default)
2026-07-11T00:13:15.236+07:00 DEBUG 22468 --- [parking-building-management-system] [  restartedMain] org.hibernate.SQL                        : insert into parking_slots (code,floor_id,status,updated_at,vehicle_type_id,id) values (?,?,?,?,?,default)
Hibernate: insert into parking_slots (code,floor_id,status,updated_at,vehicle_type_id,id) values (?,?,?,?,?,default)
2026-07-11T00:13:15.237+07:00 DEBUG 22468 --- [parking-building-management-system] [  restartedMain] org.hibernate.SQL                        : insert into parking_slots (code,floor_id,status,updated_at,vehicle_type_id,id) values (?,?,?,?,?,default)
Hibernate: insert into parking_slots (code,floor_id,status,updated_at,vehicle_type_id,id) values (?,?,?,?,?,default)
2026-07-11T00:13:15.238+07:00 DEBUG 22468 --- [parking-building-management-system] [  restartedMain] org.hibernate.SQL                        : insert into parking_slots (code,floor_id,status,updated_at,vehicle_type_id,id) values (?,?,?,?,?,default)
Hibernate: insert into parking_slots (code,floor_id,status,updated_at,vehicle_type_id,id) values (?,?,?,?,?,default)
2026-07-11T00:13:15.239+07:00 DEBUG 22468 --- [parking-building-management-system] [  restartedMain] org.hibernate.SQL                        : insert into parking_slots (code,floor_id,status,updated_at,vehicle_type_id,id) values (?,?,?,?,?,default)
Hibernate: insert into parking_slots (code,floor_id,status,updated_at,vehicle_type_id,id) values (?,?,?,?,?,default)
2026-07-11T00:13:15.239+07:00 DEBUG 22468 --- [parking-building-management-system] [  restartedMain] org.hibernate.SQL                        : insert into parking_slots (code,floor_id,status,updated_at,vehicle_type_id,id) values (?,?,?,?,?,default)
Hibernate: insert into parking_slots (code,floor_id,status,updated_at,vehicle_type_id,id) values (?,?,?,?,?,default)
2026-07-11T00:13:15.240+07:00 DEBUG 22468 --- [parking-building-management-system] [  restartedMain] org.hibernate.SQL                        : insert into parking_slots (code,floor_id,status,updated_at,vehicle_type_id,id) values (?,?,?,?,?,default)
Hibernate: insert into parking_slots (code,floor_id,status,updated_at,vehicle_type_id,id) values (?,?,?,?,?,default)
2026-07-11T00:13:15.241+07:00 DEBUG 22468 --- [parking-building-management-system] [  restartedMain] org.hibernate.SQL                        : insert into parking_slots (code,floor_id,status,updated_at,vehicle_type_id,id) values (?,?,?,?,?,default)
Hibernate: insert into parking_slots (code,floor_id,status,updated_at,vehicle_type_id,id) values (?,?,?,?,?,default)
2026-07-11T00:13:15.243+07:00 DEBUG 22468 --- [parking-building-management-system] [  restartedMain] org.hibernate.SQL                        : insert into parking_slots (code,floor_id,status,updated_at,vehicle_type_id,id) values (?,?,?,?,?,default)
Hibernate: insert into parking_slots (code,floor_id,status,updated_at,vehicle_type_id,id) values (?,?,?,?,?,default)
2026-07-11T00:13:15.245+07:00 DEBUG 22468 --- [parking-building-management-system] [  restartedMain] org.hibernate.SQL                        : insert into parking_slots (code,floor_id,status,updated_at,vehicle_type_id,id) values (?,?,?,?,?,default)
Hibernate: insert into parking_slots (code,floor_id,status,updated_at,vehicle_type_id,id) values (?,?,?,?,?,default)
2026-07-11T00:13:15.247+07:00 DEBUG 22468 --- [parking-building-management-system] [  restartedMain] org.hibernate.SQL                        : insert into parking_slots (code,floor_id,status,updated_at,vehicle_type_id,id) values (?,?,?,?,?,default)
Hibernate: insert into parking_slots (code,floor_id,status,updated_at,vehicle_type_id,id) values (?,?,?,?,?,default)
2026-07-11T00:13:15.249+07:00 DEBUG 22468 --- [parking-building-management-system] [  restartedMain] org.hibernate.SQL                        : insert into parking_slots (code,floor_id,status,updated_at,vehicle_type_id,id) values (?,?,?,?,?,default)
Hibernate: insert into parking_slots (code,floor_id,status,updated_at,vehicle_type_id,id) values (?,?,?,?,?,default)
2026-07-11T00:13:15.250+07:00 DEBUG 22468 --- [parking-building-management-system] [  restartedMain] org.hibernate.SQL                        : insert into parking_slots (code,floor_id,status,updated_at,vehicle_type_id,id) values (?,?,?,?,?,default)
Hibernate: insert into parking_slots (code,floor_id,status,updated_at,vehicle_type_id,id) values (?,?,?,?,?,default)
2026-07-11T00:13:15.252+07:00 DEBUG 22468 --- [parking-building-management-system] [  restartedMain] org.hibernate.SQL                        : insert into parking_slots (code,floor_id,status,updated_at,vehicle_type_id,id) values (?,?,?,?,?,default)
Hibernate: insert into parking_slots (code,floor_id,status,updated_at,vehicle_type_id,id) values (?,?,?,?,?,default)
2026-07-11T00:13:15.253+07:00 DEBUG 22468 --- [parking-building-management-system] [  restartedMain] org.hibernate.SQL                        : insert into parking_slots (code,floor_id,status,updated_at,vehicle_type_id,id) values (?,?,?,?,?,default)
Hibernate: insert into parking_slots (code,floor_id,status,updated_at,vehicle_type_id,id) values (?,?,?,?,?,default)
2026-07-11T00:13:15.254+07:00 DEBUG 22468 --- [parking-building-management-system] [  restartedMain] org.hibernate.SQL                        : insert into parking_slots (code,floor_id,status,updated_at,vehicle_type_id,id) values (?,?,?,?,?,default)
Hibernate: insert into parking_slots (code,floor_id,status,updated_at,vehicle_type_id,id) values (?,?,?,?,?,default)
2026-07-11T00:13:15.255+07:00 DEBUG 22468 --- [parking-building-management-system] [  restartedMain] org.hibernate.SQL                        : insert into parking_slots (code,floor_id,status,updated_at,vehicle_type_id,id) values (?,?,?,?,?,default)
Hibernate: insert into parking_slots (code,floor_id,status,updated_at,vehicle_type_id,id) values (?,?,?,?,?,default)
2026-07-11T00:13:15.256+07:00 DEBUG 22468 --- [parking-building-management-system] [  restartedMain] org.hibernate.SQL                        : insert into parking_slots (code,floor_id,status,updated_at,vehicle_type_id,id) values (?,?,?,?,?,default)
Hibernate: insert into parking_slots (code,floor_id,status,updated_at,vehicle_type_id,id) values (?,?,?,?,?,default)
2026-07-11T00:13:15.257+07:00 DEBUG 22468 --- [parking-building-management-system] [  restartedMain] org.hibernate.SQL                        : insert into parking_slots (code,floor_id,status,updated_at,vehicle_type_id,id) values (?,?,?,?,?,default)
Hibernate: insert into parking_slots (code,floor_id,status,updated_at,vehicle_type_id,id) values (?,?,?,?,?,default)
2026-07-11T00:13:15.259+07:00 DEBUG 22468 --- [parking-building-management-system] [  restartedMain] org.hibernate.SQL                        : insert into parking_slots (code,floor_id,status,updated_at,vehicle_type_id,id) values (?,?,?,?,?,default)
Hibernate: insert into parking_slots (code,floor_id,status,updated_at,vehicle_type_id,id) values (?,?,?,?,?,default)
2026-07-11T00:13:15.260+07:00 DEBUG 22468 --- [parking-building-management-system] [  restartedMain] org.hibernate.SQL                        : insert into parking_slots (code,floor_id,status,updated_at,vehicle_type_id,id) values (?,?,?,?,?,default)
Hibernate: insert into parking_slots (code,floor_id,status,updated_at,vehicle_type_id,id) values (?,?,?,?,?,default)
2026-07-11T00:13:15.260+07:00 DEBUG 22468 --- [parking-building-management-system] [  restartedMain] org.hibernate.SQL                        : insert into parking_slots (code,floor_id,status,updated_at,vehicle_type_id,id) values (?,?,?,?,?,default)
Hibernate: insert into parking_slots (code,floor_id,status,updated_at,vehicle_type_id,id) values (?,?,?,?,?,default)
2026-07-11T00:13:15.261+07:00 DEBUG 22468 --- [parking-building-management-system] [  restartedMain] org.hibernate.SQL                        : insert into parking_slots (code,floor_id,status,updated_at,vehicle_type_id,id) values (?,?,?,?,?,default)
Hibernate: insert into parking_slots (code,floor_id,status,updated_at,vehicle_type_id,id) values (?,?,?,?,?,default)
2026-07-11T00:13:15.263+07:00 DEBUG 22468 --- [parking-building-management-system] [  restartedMain] org.hibernate.SQL                        : insert into parking_slots (code,floor_id,status,updated_at,vehicle_type_id,id) values (?,?,?,?,?,default)
Hibernate: insert into parking_slots (code,floor_id,status,updated_at,vehicle_type_id,id) values (?,?,?,?,?,default)
2026-07-11T00:13:15.264+07:00 DEBUG 22468 --- [parking-building-management-system] [  restartedMain] org.hibernate.SQL                        : insert into parking_slots (code,floor_id,status,updated_at,vehicle_type_id,id) values (?,?,?,?,?,default)
Hibernate: insert into parking_slots (code,floor_id,status,updated_at,vehicle_type_id,id) values (?,?,?,?,?,default)
2026-07-11T00:13:15.265+07:00 DEBUG 22468 --- [parking-building-management-system] [  restartedMain] org.hibernate.SQL                        : insert into parking_slots (code,floor_id,status,updated_at,vehicle_type_id,id) values (?,?,?,?,?,default)
Hibernate: insert into parking_slots (code,floor_id,status,updated_at,vehicle_type_id,id) values (?,?,?,?,?,default)
2026-07-11T00:13:15.266+07:00 DEBUG 22468 --- [parking-building-management-system] [  restartedMain] org.hibernate.SQL                        : insert into parking_slots (code,floor_id,status,updated_at,vehicle_type_id,id) values (?,?,?,?,?,default)
Hibernate: insert into parking_slots (code,floor_id,status,updated_at,vehicle_type_id,id) values (?,?,?,?,?,default)
2026-07-11T00:13:15.267+07:00 DEBUG 22468 --- [parking-building-management-system] [  restartedMain] org.hibernate.SQL                        : insert into parking_slots (code,floor_id,status,updated_at,vehicle_type_id,id) values (?,?,?,?,?,default)
Hibernate: insert into parking_slots (code,floor_id,status,updated_at,vehicle_type_id,id) values (?,?,?,?,?,default)
2026-07-11T00:13:15.267+07:00 DEBUG 22468 --- [parking-building-management-system] [  restartedMain] org.hibernate.SQL                        : insert into parking_slots (code,floor_id,status,updated_at,vehicle_type_id,id) values (?,?,?,?,?,default)
Hibernate: insert into parking_slots (code,floor_id,status,updated_at,vehicle_type_id,id) values (?,?,?,?,?,default)
2026-07-11T00:13:15.268+07:00 DEBUG 22468 --- [parking-building-management-system] [  restartedMain] org.hibernate.SQL                        : insert into parking_slots (code,floor_id,status,updated_at,vehicle_type_id,id) values (?,?,?,?,?,default)
Hibernate: insert into parking_slots (code,floor_id,status,updated_at,vehicle_type_id,id) values (?,?,?,?,?,default)
2026-07-11T00:13:15.270+07:00 DEBUG 22468 --- [parking-building-management-system] [  restartedMain] org.hibernate.SQL                        : insert into parking_slots (code,floor_id,status,updated_at,vehicle_type_id,id) values (?,?,?,?,?,default)
Hibernate: insert into parking_slots (code,floor_id,status,updated_at,vehicle_type_id,id) values (?,?,?,?,?,default)
2026-07-11T00:13:15.271+07:00 DEBUG 22468 --- [parking-building-management-system] [  restartedMain] org.hibernate.SQL                        : insert into parking_slots (code,floor_id,status,updated_at,vehicle_type_id,id) values (?,?,?,?,?,default)
Hibernate: insert into parking_slots (code,floor_id,status,updated_at,vehicle_type_id,id) values (?,?,?,?,?,default)
2026-07-11T00:13:15.271+07:00 DEBUG 22468 --- [parking-building-management-system] [  restartedMain] org.hibernate.SQL                        : insert into parking_slots (code,floor_id,status,updated_at,vehicle_type_id,id) values (?,?,?,?,?,default)
Hibernate: insert into parking_slots (code,floor_id,status,updated_at,vehicle_type_id,id) values (?,?,?,?,?,default)
2026-07-11T00:13:15.272+07:00 DEBUG 22468 --- [parking-building-management-system] [  restartedMain] org.hibernate.SQL                        : insert into parking_slots (code,floor_id,status,updated_at,vehicle_type_id,id) values (?,?,?,?,?,default)
Hibernate: insert into parking_slots (code,floor_id,status,updated_at,vehicle_type_id,id) values (?,?,?,?,?,default)
2026-07-11T00:13:15.273+07:00 DEBUG 22468 --- [parking-building-management-system] [  restartedMain] org.hibernate.SQL                        : insert into parking_slots (code,floor_id,status,updated_at,vehicle_type_id,id) values (?,?,?,?,?,default)
Hibernate: insert into parking_slots (code,floor_id,status,updated_at,vehicle_type_id,id) values (?,?,?,?,?,default)
2026-07-11T00:13:15.274+07:00 DEBUG 22468 --- [parking-building-management-system] [  restartedMain] org.hibernate.SQL                        : insert into parking_slots (code,floor_id,status,updated_at,vehicle_type_id,id) values (?,?,?,?,?,default)
Hibernate: insert into parking_slots (code,floor_id,status,updated_at,vehicle_type_id,id) values (?,?,?,?,?,default)
2026-07-11T00:13:15.274+07:00 DEBUG 22468 --- [parking-building-management-system] [  restartedMain] org.hibernate.SQL                        : insert into parking_slots (code,floor_id,status,updated_at,vehicle_type_id,id) values (?,?,?,?,?,default)
Hibernate: insert into parking_slots (code,floor_id,status,updated_at,vehicle_type_id,id) values (?,?,?,?,?,default)
2026-07-11T00:13:15.275+07:00 DEBUG 22468 --- [parking-building-management-system] [  restartedMain] org.hibernate.SQL                        : insert into parking_slots (code,floor_id,status,updated_at,vehicle_type_id,id) values (?,?,?,?,?,default)
Hibernate: insert into parking_slots (code,floor_id,status,updated_at,vehicle_type_id,id) values (?,?,?,?,?,default)
2026-07-11T00:13:15.276+07:00 DEBUG 22468 --- [parking-building-management-system] [  restartedMain] org.hibernate.SQL                        : insert into parking_slots (code,floor_id,status,updated_at,vehicle_type_id,id) values (?,?,?,?,?,default)
Hibernate: insert into parking_slots (code,floor_id,status,updated_at,vehicle_type_id,id) values (?,?,?,?,?,default)
2026-07-11T00:13:15.278+07:00 DEBUG 22468 --- [parking-building-management-system] [  restartedMain] org.hibernate.SQL                        : insert into parking_slots (code,floor_id,status,updated_at,vehicle_type_id,id) values (?,?,?,?,?,default)
Hibernate: insert into parking_slots (code,floor_id,status,updated_at,vehicle_type_id,id) values (?,?,?,?,?,default)
2026-07-11T00:13:15.280+07:00 DEBUG 22468 --- [parking-building-management-system] [  restartedMain] org.hibernate.SQL                        : insert into parking_slots (code,floor_id,status,updated_at,vehicle_type_id,id) values (?,?,?,?,?,default)
Hibernate: insert into parking_slots (code,floor_id,status,updated_at,vehicle_type_id,id) values (?,?,?,?,?,default)
2026-07-11T00:13:15.281+07:00 DEBUG 22468 --- [parking-building-management-system] [  restartedMain] org.hibernate.SQL                        : insert into parking_slots (code,floor_id,status,updated_at,vehicle_type_id,id) values (?,?,?,?,?,default)
Hibernate: insert into parking_slots (code,floor_id,status,updated_at,vehicle_type_id,id) values (?,?,?,?,?,default)
2026-07-11T00:13:15.282+07:00 DEBUG 22468 --- [parking-building-management-system] [  restartedMain] org.hibernate.SQL                        : insert into parking_slots (code,floor_id,status,updated_at,vehicle_type_id,id) values (?,?,?,?,?,default)
Hibernate: insert into parking_slots (code,floor_id,status,updated_at,vehicle_type_id,id) values (?,?,?,?,?,default)
2026-07-11T00:13:15.283+07:00 DEBUG 22468 --- [parking-building-management-system] [  restartedMain] org.hibernate.SQL                        : insert into parking_slots (code,floor_id,status,updated_at,vehicle_type_id,id) values (?,?,?,?,?,default)
Hibernate: insert into parking_slots (code,floor_id,status,updated_at,vehicle_type_id,id) values (?,?,?,?,?,default)
2026-07-11T00:13:15.284+07:00 DEBUG 22468 --- [parking-building-management-system] [  restartedMain] org.hibernate.SQL                        : insert into parking_slots (code,floor_id,status,updated_at,vehicle_type_id,id) values (?,?,?,?,?,default)
Hibernate: insert into parking_slots (code,floor_id,status,updated_at,vehicle_type_id,id) values (?,?,?,?,?,default)
2026-07-11T00:13:15.285+07:00 DEBUG 22468 --- [parking-building-management-system] [  restartedMain] org.hibernate.SQL                        : insert into parking_slots (code,floor_id,status,updated_at,vehicle_type_id,id) values (?,?,?,?,?,default)
Hibernate: insert into parking_slots (code,floor_id,status,updated_at,vehicle_type_id,id) values (?,?,?,?,?,default)
2026-07-11T00:13:15.285+07:00 DEBUG 22468 --- [parking-building-management-system] [  restartedMain] org.hibernate.SQL                        : insert into parking_slots (code,floor_id,status,updated_at,vehicle_type_id,id) values (?,?,?,?,?,default)
Hibernate: insert into parking_slots (code,floor_id,status,updated_at,vehicle_type_id,id) values (?,?,?,?,?,default)
2026-07-11T00:13:15.286+07:00 DEBUG 22468 --- [parking-building-management-system] [  restartedMain] org.hibernate.SQL                        : insert into parking_slots (code,floor_id,status,updated_at,vehicle_type_id,id) values (?,?,?,?,?,default)
Hibernate: insert into parking_slots (code,floor_id,status,updated_at,vehicle_type_id,id) values (?,?,?,?,?,default)
2026-07-11T00:13:15.286+07:00 DEBUG 22468 --- [parking-building-management-system] [  restartedMain] org.hibernate.SQL                        : insert into parking_slots (code,floor_id,status,updated_at,vehicle_type_id,id) values (?,?,?,?,?,default)
Hibernate: insert into parking_slots (code,floor_id,status,updated_at,vehicle_type_id,id) values (?,?,?,?,?,default)
2026-07-11T00:13:15.287+07:00 DEBUG 22468 --- [parking-building-management-system] [  restartedMain] org.hibernate.SQL                        : insert into parking_slots (code,floor_id,status,updated_at,vehicle_type_id,id) values (?,?,?,?,?,default)
Hibernate: insert into parking_slots (code,floor_id,status,updated_at,vehicle_type_id,id) values (?,?,?,?,?,default)
2026-07-11T00:13:15.287+07:00 DEBUG 22468 --- [parking-building-management-system] [  restartedMain] org.hibernate.SQL                        : insert into parking_slots (code,floor_id,status,updated_at,vehicle_type_id,id) values (?,?,?,?,?,default)
Hibernate: insert into parking_slots (code,floor_id,status,updated_at,vehicle_type_id,id) values (?,?,?,?,?,default)
2026-07-11T00:13:15.289+07:00 DEBUG 22468 --- [parking-building-management-system] [  restartedMain] org.hibernate.SQL                        : insert into parking_slots (code,floor_id,status,updated_at,vehicle_type_id,id) values (?,?,?,?,?,default)
Hibernate: insert into parking_slots (code,floor_id,status,updated_at,vehicle_type_id,id) values (?,?,?,?,?,default)
2026-07-11T00:13:15.291+07:00 DEBUG 22468 --- [parking-building-management-system] [  restartedMain] org.hibernate.SQL                        : insert into parking_slots (code,floor_id,status,updated_at,vehicle_type_id,id) values (?,?,?,?,?,default)
Hibernate: insert into parking_slots (code,floor_id,status,updated_at,vehicle_type_id,id) values (?,?,?,?,?,default)
2026-07-11T00:13:15.292+07:00 DEBUG 22468 --- [parking-building-management-system] [  restartedMain] org.hibernate.SQL                        : insert into parking_slots (code,floor_id,status,updated_at,vehicle_type_id,id) values (?,?,?,?,?,default)
Hibernate: insert into parking_slots (code,floor_id,status,updated_at,vehicle_type_id,id) values (?,?,?,?,?,default)
2026-07-11T00:13:15.293+07:00 DEBUG 22468 --- [parking-building-management-system] [  restartedMain] org.hibernate.SQL                        : insert into parking_slots (code,floor_id,status,updated_at,vehicle_type_id,id) values (?,?,?,?,?,default)
Hibernate: insert into parking_slots (code,floor_id,status,updated_at,vehicle_type_id,id) values (?,?,?,?,?,default)
2026-07-11T00:13:15.294+07:00 DEBUG 22468 --- [parking-building-management-system] [  restartedMain] org.hibernate.SQL                        : insert into parking_slots (code,floor_id,status,updated_at,vehicle_type_id,id) values (?,?,?,?,?,default)
Hibernate: insert into parking_slots (code,floor_id,status,updated_at,vehicle_type_id,id) values (?,?,?,?,?,default)
2026-07-11T00:13:15.295+07:00 DEBUG 22468 --- [parking-building-management-system] [  restartedMain] org.hibernate.SQL                        : insert into parking_slots (code,floor_id,status,updated_at,vehicle_type_id,id) values (?,?,?,?,?,default)
Hibernate: insert into parking_slots (code,floor_id,status,updated_at,vehicle_type_id,id) values (?,?,?,?,?,default)
2026-07-11T00:13:15.296+07:00 DEBUG 22468 --- [parking-building-management-system] [  restartedMain] org.hibernate.SQL                        : insert into parking_slots (code,floor_id,status,updated_at,vehicle_type_id,id) values (?,?,?,?,?,default)
Hibernate: insert into parking_slots (code,floor_id,status,updated_at,vehicle_type_id,id) values (?,?,?,?,?,default)
2026-07-11T00:13:15.297+07:00 DEBUG 22468 --- [parking-building-management-system] [  restartedMain] org.hibernate.SQL                        : insert into parking_slots (code,floor_id,status,updated_at,vehicle_type_id,id) values (?,?,?,?,?,default)
Hibernate: insert into parking_slots (code,floor_id,status,updated_at,vehicle_type_id,id) values (?,?,?,?,?,default)
2026-07-11T00:13:15.298+07:00 DEBUG 22468 --- [parking-building-management-system] [  restartedMain] org.hibernate.SQL                        : insert into parking_slots (code,floor_id,status,updated_at,vehicle_type_id,id) values (?,?,?,?,?,default)
Hibernate: insert into parking_slots (code,floor_id,status,updated_at,vehicle_type_id,id) values (?,?,?,?,?,default)
2026-07-11T00:13:15.299+07:00 DEBUG 22468 --- [parking-building-management-system] [  restartedMain] org.hibernate.SQL                        : insert into parking_slots (code,floor_id,status,updated_at,vehicle_type_id,id) values (?,?,?,?,?,default)
Hibernate: insert into parking_slots (code,floor_id,status,updated_at,vehicle_type_id,id) values (?,?,?,?,?,default)
2026-07-11T00:13:15.300+07:00 DEBUG 22468 --- [parking-building-management-system] [  restartedMain] org.hibernate.SQL                        : insert into parking_slots (code,floor_id,status,updated_at,vehicle_type_id,id) values (?,?,?,?,?,default)
Hibernate: insert into parking_slots (code,floor_id,status,updated_at,vehicle_type_id,id) values (?,?,?,?,?,default)
2026-07-11T00:13:15.301+07:00 DEBUG 22468 --- [parking-building-management-system] [  restartedMain] org.hibernate.SQL                        : insert into parking_slots (code,floor_id,status,updated_at,vehicle_type_id,id) values (?,?,?,?,?,default)
Hibernate: insert into parking_slots (code,floor_id,status,updated_at,vehicle_type_id,id) values (?,?,?,?,?,default)
2026-07-11T00:13:15.301+07:00 DEBUG 22468 --- [parking-building-management-system] [  restartedMain] org.hibernate.SQL                        : insert into parking_slots (code,floor_id,status,updated_at,vehicle_type_id,id) values (?,?,?,?,?,default)
Hibernate: insert into parking_slots (code,floor_id,status,updated_at,vehicle_type_id,id) values (?,?,?,?,?,default)
2026-07-11T00:13:15.301+07:00 DEBUG 22468 --- [parking-building-management-system] [  restartedMain] org.hibernate.SQL                        : insert into parking_slots (code,floor_id,status,updated_at,vehicle_type_id,id) values (?,?,?,?,?,default)
Hibernate: insert into parking_slots (code,floor_id,status,updated_at,vehicle_type_id,id) values (?,?,?,?,?,default)
2026-07-11T00:13:15.302+07:00 DEBUG 22468 --- [parking-building-management-system] [  restartedMain] org.hibernate.SQL                        : insert into parking_slots (code,floor_id,status,updated_at,vehicle_type_id,id) values (?,?,?,?,?,default)
Hibernate: insert into parking_slots (code,floor_id,status,updated_at,vehicle_type_id,id) values (?,?,?,?,?,default)
2026-07-11T00:13:15.303+07:00 DEBUG 22468 --- [parking-building-management-system] [  restartedMain] org.hibernate.SQL                        : insert into parking_slots (code,floor_id,status,updated_at,vehicle_type_id,id) values (?,?,?,?,?,default)
Hibernate: insert into parking_slots (code,floor_id,status,updated_at,vehicle_type_id,id) values (?,?,?,?,?,default)
2026-07-11T00:13:15.304+07:00 DEBUG 22468 --- [parking-building-management-system] [  restartedMain] org.hibernate.SQL                        : insert into parking_slots (code,floor_id,status,updated_at,vehicle_type_id,id) values (?,?,?,?,?,default)
Hibernate: insert into parking_slots (code,floor_id,status,updated_at,vehicle_type_id,id) values (?,?,?,?,?,default)
2026-07-11T00:13:15.305+07:00 DEBUG 22468 --- [parking-building-management-system] [  restartedMain] org.hibernate.SQL                        : insert into parking_slots (code,floor_id,status,updated_at,vehicle_type_id,id) values (?,?,?,?,?,default)
Hibernate: insert into parking_slots (code,floor_id,status,updated_at,vehicle_type_id,id) values (?,?,?,?,?,default)
2026-07-11T00:13:15.306+07:00 DEBUG 22468 --- [parking-building-management-system] [  restartedMain] org.hibernate.SQL                        : insert into parking_slots (code,floor_id,status,updated_at,vehicle_type_id,id) values (?,?,?,?,?,default)
Hibernate: insert into parking_slots (code,floor_id,status,updated_at,vehicle_type_id,id) values (?,?,?,?,?,default)
Seeded 80 parking slots
2026-07-11T00:13:15.311+07:00 DEBUG 22468 --- [parking-building-management-system] [  restartedMain] org.hibernate.SQL                        : select count(*) from parking_sessions ps1_0
Hibernate: select count(*) from parking_sessions ps1_0
2026-07-11T00:13:15.314+07:00 DEBUG 22468 --- [parking-building-management-system] [  restartedMain] org.hibernate.SQL                        : select ps1_0.id,ps1_0.code,ps1_0.floor_id,ps1_0.status,ps1_0.updated_at,ps1_0.vehicle_type_id from parking_slots ps1_0
Hibernate: select ps1_0.id,ps1_0.code,ps1_0.floor_id,ps1_0.status,ps1_0.updated_at,ps1_0.vehicle_type_id from parking_slots ps1_0
2026-07-11T00:13:15.320+07:00 DEBUG 22468 --- [parking-building-management-system] [  restartedMain] org.hibernate.SQL                        : insert into parking_sessions (check_in_at,check_out_at,created_by_user_id,entry_gate,fee,notes,plate_number,reservation_id,slot_id,status,ticket_code,user_id,vehicle_type_id,id) values (?,?,?,?,?,?,?,?,?,?,?,?,?,default)
Hibernate: insert into parking_sessions (check_in_at,check_out_at,created_by_user_id,entry_gate,fee,notes,plate_number,reservation_id,slot_id,status,ticket_code,user_id,vehicle_type_id,id) values (?,?,?,?,?,?,?,?,?,?,?,?,?,default)
2026-07-11T00:13:15.322+07:00 DEBUG 22468 --- [parking-building-management-system] [  restartedMain] org.hibernate.SQL                        : insert into parking_sessions (check_in_at,check_out_at,created_by_user_id,entry_gate,fee,notes,plate_number,reservation_id,slot_id,status,ticket_code,user_id,vehicle_type_id,id) values (?,?,?,?,?,?,?,?,?,?,?,?,?,default)
Hibernate: insert into parking_sessions (check_in_at,check_out_at,created_by_user_id,entry_gate,fee,notes,plate_number,reservation_id,slot_id,status,ticket_code,user_id,vehicle_type_id,id) values (?,?,?,?,?,?,?,?,?,?,?,?,?,default)
2026-07-11T00:13:15.323+07:00 DEBUG 22468 --- [parking-building-management-system] [  restartedMain] org.hibernate.SQL                        : insert into parking_sessions (check_in_at,check_out_at,created_by_user_id,entry_gate,fee,notes,plate_number,reservation_id,slot_id,status,ticket_code,user_id,vehicle_type_id,id) values (?,?,?,?,?,?,?,?,?,?,?,?,?,default)
Hibernate: insert into parking_sessions (check_in_at,check_out_at,created_by_user_id,entry_gate,fee,notes,plate_number,reservation_id,slot_id,status,ticket_code,user_id,vehicle_type_id,id) values (?,?,?,?,?,?,?,?,?,?,?,?,?,default)
2026-07-11T00:13:15.324+07:00 DEBUG 22468 --- [parking-building-management-system] [  restartedMain] org.hibernate.SQL                        : insert into parking_sessions (check_in_at,check_out_at,created_by_user_id,entry_gate,fee,notes,plate_number,reservation_id,slot_id,status,ticket_code,user_id,vehicle_type_id,id) values (?,?,?,?,?,?,?,?,?,?,?,?,?,default)
Hibernate: insert into parking_sessions (check_in_at,check_out_at,created_by_user_id,entry_gate,fee,notes,plate_number,reservation_id,slot_id,status,ticket_code,user_id,vehicle_type_id,id) values (?,?,?,?,?,?,?,?,?,?,?,?,?,default)
2026-07-11T00:13:15.325+07:00 DEBUG 22468 --- [parking-building-management-system] [  restartedMain] org.hibernate.SQL                        : insert into parking_sessions (check_in_at,check_out_at,created_by_user_id,entry_gate,fee,notes,plate_number,reservation_id,slot_id,status,ticket_code,user_id,vehicle_type_id,id) values (?,?,?,?,?,?,?,?,?,?,?,?,?,default)
Hibernate: insert into parking_sessions (check_in_at,check_out_at,created_by_user_id,entry_gate,fee,notes,plate_number,reservation_id,slot_id,status,ticket_code,user_id,vehicle_type_id,id) values (?,?,?,?,?,?,?,?,?,?,?,?,?,default)
2026-07-11T00:13:15.326+07:00 DEBUG 22468 --- [parking-building-management-system] [  restartedMain] org.hibernate.SQL                        : insert into parking_sessions (check_in_at,check_out_at,created_by_user_id,entry_gate,fee,notes,plate_number,reservation_id,slot_id,status,ticket_code,user_id,vehicle_type_id,id) values (?,?,?,?,?,?,?,?,?,?,?,?,?,default)
Hibernate: insert into parking_sessions (check_in_at,check_out_at,created_by_user_id,entry_gate,fee,notes,plate_number,reservation_id,slot_id,status,ticket_code,user_id,vehicle_type_id,id) values (?,?,?,?,?,?,?,?,?,?,?,?,?,default)
2026-07-11T00:13:15.327+07:00 DEBUG 22468 --- [parking-building-management-system] [  restartedMain] org.hibernate.SQL                        : insert into parking_sessions (check_in_at,check_out_at,created_by_user_id,entry_gate,fee,notes,plate_number,reservation_id,slot_id,status,ticket_code,user_id,vehicle_type_id,id) values (?,?,?,?,?,?,?,?,?,?,?,?,?,default)
Hibernate: insert into parking_sessions (check_in_at,check_out_at,created_by_user_id,entry_gate,fee,notes,plate_number,reservation_id,slot_id,status,ticket_code,user_id,vehicle_type_id,id) values (?,?,?,?,?,?,?,?,?,?,?,?,?,default)
2026-07-11T00:13:15.328+07:00 DEBUG 22468 --- [parking-building-management-system] [  restartedMain] org.hibernate.SQL                        : insert into parking_sessions (check_in_at,check_out_at,created_by_user_id,entry_gate,fee,notes,plate_number,reservation_id,slot_id,status,ticket_code,user_id,vehicle_type_id,id) values (?,?,?,?,?,?,?,?,?,?,?,?,?,default)
Hibernate: insert into parking_sessions (check_in_at,check_out_at,created_by_user_id,entry_gate,fee,notes,plate_number,reservation_id,slot_id,status,ticket_code,user_id,vehicle_type_id,id) values (?,?,?,?,?,?,?,?,?,?,?,?,?,default)
2026-07-11T00:13:15.329+07:00 DEBUG 22468 --- [parking-building-management-system] [  restartedMain] org.hibernate.SQL                        : insert into parking_sessions (check_in_at,check_out_at,created_by_user_id,entry_gate,fee,notes,plate_number,reservation_id,slot_id,status,ticket_code,user_id,vehicle_type_id,id) values (?,?,?,?,?,?,?,?,?,?,?,?,?,default)
Hibernate: insert into parking_sessions (check_in_at,check_out_at,created_by_user_id,entry_gate,fee,notes,plate_number,reservation_id,slot_id,status,ticket_code,user_id,vehicle_type_id,id) values (?,?,?,?,?,?,?,?,?,?,?,?,?,default)
2026-07-11T00:13:15.329+07:00 DEBUG 22468 --- [parking-building-management-system] [  restartedMain] org.hibernate.SQL                        : insert into parking_sessions (check_in_at,check_out_at,created_by_user_id,entry_gate,fee,notes,plate_number,reservation_id,slot_id,status,ticket_code,user_id,vehicle_type_id,id) values (?,?,?,?,?,?,?,?,?,?,?,?,?,default)
Hibernate: insert into parking_sessions (check_in_at,check_out_at,created_by_user_id,entry_gate,fee,notes,plate_number,reservation_id,slot_id,status,ticket_code,user_id,vehicle_type_id,id) values (?,?,?,?,?,?,?,?,?,?,?,?,?,default)
2026-07-11T00:13:15.330+07:00 DEBUG 22468 --- [parking-building-management-system] [  restartedMain] org.hibernate.SQL                        : insert into parking_sessions (check_in_at,check_out_at,created_by_user_id,entry_gate,fee,notes,plate_number,reservation_id,slot_id,status,ticket_code,user_id,vehicle_type_id,id) values (?,?,?,?,?,?,?,?,?,?,?,?,?,default)
Hibernate: insert into parking_sessions (check_in_at,check_out_at,created_by_user_id,entry_gate,fee,notes,plate_number,reservation_id,slot_id,status,ticket_code,user_id,vehicle_type_id,id) values (?,?,?,?,?,?,?,?,?,?,?,?,?,default)
2026-07-11T00:13:15.332+07:00 DEBUG 22468 --- [parking-building-management-system] [  restartedMain] org.hibernate.SQL                        : insert into parking_sessions (check_in_at,check_out_at,created_by_user_id,entry_gate,fee,notes,plate_number,reservation_id,slot_id,status,ticket_code,user_id,vehicle_type_id,id) values (?,?,?,?,?,?,?,?,?,?,?,?,?,default)
Hibernate: insert into parking_sessions (check_in_at,check_out_at,created_by_user_id,entry_gate,fee,notes,plate_number,reservation_id,slot_id,status,ticket_code,user_id,vehicle_type_id,id) values (?,?,?,?,?,?,?,?,?,?,?,?,?,default)
2026-07-11T00:13:15.333+07:00 DEBUG 22468 --- [parking-building-management-system] [  restartedMain] org.hibernate.SQL                        : insert into parking_sessions (check_in_at,check_out_at,created_by_user_id,entry_gate,fee,notes,plate_number,reservation_id,slot_id,status,ticket_code,user_id,vehicle_type_id,id) values (?,?,?,?,?,?,?,?,?,?,?,?,?,default)
Hibernate: insert into parking_sessions (check_in_at,check_out_at,created_by_user_id,entry_gate,fee,notes,plate_number,reservation_id,slot_id,status,ticket_code,user_id,vehicle_type_id,id) values (?,?,?,?,?,?,?,?,?,?,?,?,?,default)
2026-07-11T00:13:15.335+07:00 DEBUG 22468 --- [parking-building-management-system] [  restartedMain] org.hibernate.SQL                        : insert into parking_sessions (check_in_at,check_out_at,created_by_user_id,entry_gate,fee,notes,plate_number,reservation_id,slot_id,status,ticket_code,user_id,vehicle_type_id,id) values (?,?,?,?,?,?,?,?,?,?,?,?,?,default)
Hibernate: insert into parking_sessions (check_in_at,check_out_at,created_by_user_id,entry_gate,fee,notes,plate_number,reservation_id,slot_id,status,ticket_code,user_id,vehicle_type_id,id) values (?,?,?,?,?,?,?,?,?,?,?,?,?,default)
2026-07-11T00:13:15.335+07:00 DEBUG 22468 --- [parking-building-management-system] [  restartedMain] org.hibernate.SQL                        : insert into parking_sessions (check_in_at,check_out_at,created_by_user_id,entry_gate,fee,notes,plate_number,reservation_id,slot_id,status,ticket_code,user_id,vehicle_type_id,id) values (?,?,?,?,?,?,?,?,?,?,?,?,?,default)
Hibernate: insert into parking_sessions (check_in_at,check_out_at,created_by_user_id,entry_gate,fee,notes,plate_number,reservation_id,slot_id,status,ticket_code,user_id,vehicle_type_id,id) values (?,?,?,?,?,?,?,?,?,?,?,?,?,default)
2026-07-11T00:13:15.336+07:00 DEBUG 22468 --- [parking-building-management-system] [  restartedMain] org.hibernate.SQL                        : insert into parking_sessions (check_in_at,check_out_at,created_by_user_id,entry_gate,fee,notes,plate_number,reservation_id,slot_id,status,ticket_code,user_id,vehicle_type_id,id) values (?,?,?,?,?,?,?,?,?,?,?,?,?,default)
Hibernate: insert into parking_sessions (check_in_at,check_out_at,created_by_user_id,entry_gate,fee,notes,plate_number,reservation_id,slot_id,status,ticket_code,user_id,vehicle_type_id,id) values (?,?,?,?,?,?,?,?,?,?,?,?,?,default)
2026-07-11T00:13:15.337+07:00 DEBUG 22468 --- [parking-building-management-system] [  restartedMain] org.hibernate.SQL                        : insert into parking_sessions (check_in_at,check_out_at,created_by_user_id,entry_gate,fee,notes,plate_number,reservation_id,slot_id,status,ticket_code,user_id,vehicle_type_id,id) values (?,?,?,?,?,?,?,?,?,?,?,?,?,default)
Hibernate: insert into parking_sessions (check_in_at,check_out_at,created_by_user_id,entry_gate,fee,notes,plate_number,reservation_id,slot_id,status,ticket_code,user_id,vehicle_type_id,id) values (?,?,?,?,?,?,?,?,?,?,?,?,?,default)
2026-07-11T00:13:15.339+07:00 DEBUG 22468 --- [parking-building-management-system] [  restartedMain] org.hibernate.SQL                        : insert into parking_sessions (check_in_at,check_out_at,created_by_user_id,entry_gate,fee,notes,plate_number,reservation_id,slot_id,status,ticket_code,user_id,vehicle_type_id,id) values (?,?,?,?,?,?,?,?,?,?,?,?,?,default)
Hibernate: insert into parking_sessions (check_in_at,check_out_at,created_by_user_id,entry_gate,fee,notes,plate_number,reservation_id,slot_id,status,ticket_code,user_id,vehicle_type_id,id) values (?,?,?,?,?,?,?,?,?,?,?,?,?,default)
2026-07-11T00:13:15.340+07:00 DEBUG 22468 --- [parking-building-management-system] [  restartedMain] org.hibernate.SQL                        : insert into parking_sessions (check_in_at,check_out_at,created_by_user_id,entry_gate,fee,notes,plate_number,reservation_id,slot_id,status,ticket_code,user_id,vehicle_type_id,id) values (?,?,?,?,?,?,?,?,?,?,?,?,?,default)
Hibernate: insert into parking_sessions (check_in_at,check_out_at,created_by_user_id,entry_gate,fee,notes,plate_number,reservation_id,slot_id,status,ticket_code,user_id,vehicle_type_id,id) values (?,?,?,?,?,?,?,?,?,?,?,?,?,default)
2026-07-11T00:13:15.341+07:00 DEBUG 22468 --- [parking-building-management-system] [  restartedMain] org.hibernate.SQL                        : insert into parking_sessions (check_in_at,check_out_at,created_by_user_id,entry_gate,fee,notes,plate_number,reservation_id,slot_id,status,ticket_code,user_id,vehicle_type_id,id) values (?,?,?,?,?,?,?,?,?,?,?,?,?,default)
Hibernate: insert into parking_sessions (check_in_at,check_out_at,created_by_user_id,entry_gate,fee,notes,plate_number,reservation_id,slot_id,status,ticket_code,user_id,vehicle_type_id,id) values (?,?,?,?,?,?,?,?,?,?,?,?,?,default)
2026-07-11T00:13:15.342+07:00 DEBUG 22468 --- [parking-building-management-system] [  restartedMain] org.hibernate.SQL                        : insert into parking_sessions (check_in_at,check_out_at,created_by_user_id,entry_gate,fee,notes,plate_number,reservation_id,slot_id,status,ticket_code,user_id,vehicle_type_id,id) values (?,?,?,?,?,?,?,?,?,?,?,?,?,default)
Hibernate: insert into parking_sessions (check_in_at,check_out_at,created_by_user_id,entry_gate,fee,notes,plate_number,reservation_id,slot_id,status,ticket_code,user_id,vehicle_type_id,id) values (?,?,?,?,?,?,?,?,?,?,?,?,?,default)
2026-07-11T00:13:15.343+07:00 DEBUG 22468 --- [parking-building-management-system] [  restartedMain] org.hibernate.SQL                        : insert into parking_sessions (check_in_at,check_out_at,created_by_user_id,entry_gate,fee,notes,plate_number,reservation_id,slot_id,status,ticket_code,user_id,vehicle_type_id,id) values (?,?,?,?,?,?,?,?,?,?,?,?,?,default)
Hibernate: insert into parking_sessions (check_in_at,check_out_at,created_by_user_id,entry_gate,fee,notes,plate_number,reservation_id,slot_id,status,ticket_code,user_id,vehicle_type_id,id) values (?,?,?,?,?,?,?,?,?,?,?,?,?,default)
2026-07-11T00:13:15.343+07:00 DEBUG 22468 --- [parking-building-management-system] [  restartedMain] org.hibernate.SQL                        : insert into parking_sessions (check_in_at,check_out_at,created_by_user_id,entry_gate,fee,notes,plate_number,reservation_id,slot_id,status,ticket_code,user_id,vehicle_type_id,id) values (?,?,?,?,?,?,?,?,?,?,?,?,?,default)
Hibernate: insert into parking_sessions (check_in_at,check_out_at,created_by_user_id,entry_gate,fee,notes,plate_number,reservation_id,slot_id,status,ticket_code,user_id,vehicle_type_id,id) values (?,?,?,?,?,?,?,?,?,?,?,?,?,default)
2026-07-11T00:13:15.345+07:00 DEBUG 22468 --- [parking-building-management-system] [  restartedMain] org.hibernate.SQL                        : insert into parking_sessions (check_in_at,check_out_at,created_by_user_id,entry_gate,fee,notes,plate_number,reservation_id,slot_id,status,ticket_code,user_id,vehicle_type_id,id) values (?,?,?,?,?,?,?,?,?,?,?,?,?,default)
Hibernate: insert into parking_sessions (check_in_at,check_out_at,created_by_user_id,entry_gate,fee,notes,plate_number,reservation_id,slot_id,status,ticket_code,user_id,vehicle_type_id,id) values (?,?,?,?,?,?,?,?,?,?,?,?,?,default)
2026-07-11T00:13:15.346+07:00 DEBUG 22468 --- [parking-building-management-system] [  restartedMain] org.hibernate.SQL                        : insert into parking_sessions (check_in_at,check_out_at,created_by_user_id,entry_gate,fee,notes,plate_number,reservation_id,slot_id,status,ticket_code,user_id,vehicle_type_id,id) values (?,?,?,?,?,?,?,?,?,?,?,?,?,default)
Hibernate: insert into parking_sessions (check_in_at,check_out_at,created_by_user_id,entry_gate,fee,notes,plate_number,reservation_id,slot_id,status,ticket_code,user_id,vehicle_type_id,id) values (?,?,?,?,?,?,?,?,?,?,?,?,?,default)
2026-07-11T00:13:15.347+07:00 DEBUG 22468 --- [parking-building-management-system] [  restartedMain] org.hibernate.SQL                        : insert into parking_sessions (check_in_at,check_out_at,created_by_user_id,entry_gate,fee,notes,plate_number,reservation_id,slot_id,status,ticket_code,user_id,vehicle_type_id,id) values (?,?,?,?,?,?,?,?,?,?,?,?,?,default)
Hibernate: insert into parking_sessions (check_in_at,check_out_at,created_by_user_id,entry_gate,fee,notes,plate_number,reservation_id,slot_id,status,ticket_code,user_id,vehicle_type_id,id) values (?,?,?,?,?,?,?,?,?,?,?,?,?,default)
2026-07-11T00:13:15.348+07:00 DEBUG 22468 --- [parking-building-management-system] [  restartedMain] org.hibernate.SQL                        : insert into parking_sessions (check_in_at,check_out_at,created_by_user_id,entry_gate,fee,notes,plate_number,reservation_id,slot_id,status,ticket_code,user_id,vehicle_type_id,id) values (?,?,?,?,?,?,?,?,?,?,?,?,?,default)
Hibernate: insert into parking_sessions (check_in_at,check_out_at,created_by_user_id,entry_gate,fee,notes,plate_number,reservation_id,slot_id,status,ticket_code,user_id,vehicle_type_id,id) values (?,?,?,?,?,?,?,?,?,?,?,?,?,default)
2026-07-11T00:13:15.349+07:00 DEBUG 22468 --- [parking-building-management-system] [  restartedMain] org.hibernate.SQL                        : insert into parking_sessions (check_in_at,check_out_at,created_by_user_id,entry_gate,fee,notes,plate_number,reservation_id,slot_id,status,ticket_code,user_id,vehicle_type_id,id) values (?,?,?,?,?,?,?,?,?,?,?,?,?,default)
Hibernate: insert into parking_sessions (check_in_at,check_out_at,created_by_user_id,entry_gate,fee,notes,plate_number,reservation_id,slot_id,status,ticket_code,user_id,vehicle_type_id,id) values (?,?,?,?,?,?,?,?,?,?,?,?,?,default)
2026-07-11T00:13:15.351+07:00 DEBUG 22468 --- [parking-building-management-system] [  restartedMain] org.hibernate.SQL                        : insert into parking_sessions (check_in_at,check_out_at,created_by_user_id,entry_gate,fee,notes,plate_number,reservation_id,slot_id,status,ticket_code,user_id,vehicle_type_id,id) values (?,?,?,?,?,?,?,?,?,?,?,?,?,default)
Hibernate: insert into parking_sessions (check_in_at,check_out_at,created_by_user_id,entry_gate,fee,notes,plate_number,reservation_id,slot_id,status,ticket_code,user_id,vehicle_type_id,id) values (?,?,?,?,?,?,?,?,?,?,?,?,?,default)
2026-07-11T00:13:15.353+07:00 DEBUG 22468 --- [parking-building-management-system] [  restartedMain] org.hibernate.SQL                        : insert into parking_sessions (check_in_at,check_out_at,created_by_user_id,entry_gate,fee,notes,plate_number,reservation_id,slot_id,status,ticket_code,user_id,vehicle_type_id,id) values (?,?,?,?,?,?,?,?,?,?,?,?,?,default)
Hibernate: insert into parking_sessions (check_in_at,check_out_at,created_by_user_id,entry_gate,fee,notes,plate_number,reservation_id,slot_id,status,ticket_code,user_id,vehicle_type_id,id) values (?,?,?,?,?,?,?,?,?,?,?,?,?,default)
2026-07-11T00:13:15.354+07:00 DEBUG 22468 --- [parking-building-management-system] [  restartedMain] org.hibernate.SQL                        : insert into parking_sessions (check_in_at,check_out_at,created_by_user_id,entry_gate,fee,notes,plate_number,reservation_id,slot_id,status,ticket_code,user_id,vehicle_type_id,id) values (?,?,?,?,?,?,?,?,?,?,?,?,?,default)
Hibernate: insert into parking_sessions (check_in_at,check_out_at,created_by_user_id,entry_gate,fee,notes,plate_number,reservation_id,slot_id,status,ticket_code,user_id,vehicle_type_id,id) values (?,?,?,?,?,?,?,?,?,?,?,?,?,default)
2026-07-11T00:13:15.355+07:00 DEBUG 22468 --- [parking-building-management-system] [  restartedMain] org.hibernate.SQL                        : insert into parking_sessions (check_in_at,check_out_at,created_by_user_id,entry_gate,fee,notes,plate_number,reservation_id,slot_id,status,ticket_code,user_id,vehicle_type_id,id) values (?,?,?,?,?,?,?,?,?,?,?,?,?,default)
Hibernate: insert into parking_sessions (check_in_at,check_out_at,created_by_user_id,entry_gate,fee,notes,plate_number,reservation_id,slot_id,status,ticket_code,user_id,vehicle_type_id,id) values (?,?,?,?,?,?,?,?,?,?,?,?,?,default)
2026-07-11T00:13:15.356+07:00 DEBUG 22468 --- [parking-building-management-system] [  restartedMain] org.hibernate.SQL                        : insert into parking_sessions (check_in_at,check_out_at,created_by_user_id,entry_gate,fee,notes,plate_number,reservation_id,slot_id,status,ticket_code,user_id,vehicle_type_id,id) values (?,?,?,?,?,?,?,?,?,?,?,?,?,default)
Hibernate: insert into parking_sessions (check_in_at,check_out_at,created_by_user_id,entry_gate,fee,notes,plate_number,reservation_id,slot_id,status,ticket_code,user_id,vehicle_type_id,id) values (?,?,?,?,?,?,?,?,?,?,?,?,?,default)
2026-07-11T00:13:15.357+07:00 DEBUG 22468 --- [parking-building-management-system] [  restartedMain] org.hibernate.SQL                        : insert into parking_sessions (check_in_at,check_out_at,created_by_user_id,entry_gate,fee,notes,plate_number,reservation_id,slot_id,status,ticket_code,user_id,vehicle_type_id,id) values (?,?,?,?,?,?,?,?,?,?,?,?,?,default)
Hibernate: insert into parking_sessions (check_in_at,check_out_at,created_by_user_id,entry_gate,fee,notes,plate_number,reservation_id,slot_id,status,ticket_code,user_id,vehicle_type_id,id) values (?,?,?,?,?,?,?,?,?,?,?,?,?,default)
2026-07-11T00:13:15.357+07:00 DEBUG 22468 --- [parking-building-management-system] [  restartedMain] org.hibernate.SQL                        : insert into parking_sessions (check_in_at,check_out_at,created_by_user_id,entry_gate,fee,notes,plate_number,reservation_id,slot_id,status,ticket_code,user_id,vehicle_type_id,id) values (?,?,?,?,?,?,?,?,?,?,?,?,?,default)
Hibernate: insert into parking_sessions (check_in_at,check_out_at,created_by_user_id,entry_gate,fee,notes,plate_number,reservation_id,slot_id,status,ticket_code,user_id,vehicle_type_id,id) values (?,?,?,?,?,?,?,?,?,?,?,?,?,default)
2026-07-11T00:13:15.358+07:00 DEBUG 22468 --- [parking-building-management-system] [  restartedMain] org.hibernate.SQL                        : insert into parking_sessions (check_in_at,check_out_at,created_by_user_id,entry_gate,fee,notes,plate_number,reservation_id,slot_id,status,ticket_code,user_id,vehicle_type_id,id) values (?,?,?,?,?,?,?,?,?,?,?,?,?,default)
Hibernate: insert into parking_sessions (check_in_at,check_out_at,created_by_user_id,entry_gate,fee,notes,plate_number,reservation_id,slot_id,status,ticket_code,user_id,vehicle_type_id,id) values (?,?,?,?,?,?,?,?,?,?,?,?,?,default)
2026-07-11T00:13:15.359+07:00 DEBUG 22468 --- [parking-building-management-system] [  restartedMain] org.hibernate.SQL                        : insert into parking_sessions (check_in_at,check_out_at,created_by_user_id,entry_gate,fee,notes,plate_number,reservation_id,slot_id,status,ticket_code,user_id,vehicle_type_id,id) values (?,?,?,?,?,?,?,?,?,?,?,?,?,default)
Hibernate: insert into parking_sessions (check_in_at,check_out_at,created_by_user_id,entry_gate,fee,notes,plate_number,reservation_id,slot_id,status,ticket_code,user_id,vehicle_type_id,id) values (?,?,?,?,?,?,?,?,?,?,?,?,?,default)
2026-07-11T00:13:15.361+07:00 DEBUG 22468 --- [parking-building-management-system] [  restartedMain] org.hibernate.SQL                        : insert into parking_sessions (check_in_at,check_out_at,created_by_user_id,entry_gate,fee,notes,plate_number,reservation_id,slot_id,status,ticket_code,user_id,vehicle_type_id,id) values (?,?,?,?,?,?,?,?,?,?,?,?,?,default)
Hibernate: insert into parking_sessions (check_in_at,check_out_at,created_by_user_id,entry_gate,fee,notes,plate_number,reservation_id,slot_id,status,ticket_code,user_id,vehicle_type_id,id) values (?,?,?,?,?,?,?,?,?,?,?,?,?,default)
2026-07-11T00:13:15.362+07:00 DEBUG 22468 --- [parking-building-management-system] [  restartedMain] org.hibernate.SQL                        : insert into parking_sessions (check_in_at,check_out_at,created_by_user_id,entry_gate,fee,notes,plate_number,reservation_id,slot_id,status,ticket_code,user_id,vehicle_type_id,id) values (?,?,?,?,?,?,?,?,?,?,?,?,?,default)
Hibernate: insert into parking_sessions (check_in_at,check_out_at,created_by_user_id,entry_gate,fee,notes,plate_number,reservation_id,slot_id,status,ticket_code,user_id,vehicle_type_id,id) values (?,?,?,?,?,?,?,?,?,?,?,?,?,default)
2026-07-11T00:13:15.363+07:00 DEBUG 22468 --- [parking-building-management-system] [  restartedMain] org.hibernate.SQL                        : insert into parking_sessions (check_in_at,check_out_at,created_by_user_id,entry_gate,fee,notes,plate_number,reservation_id,slot_id,status,ticket_code,user_id,vehicle_type_id,id) values (?,?,?,?,?,?,?,?,?,?,?,?,?,default)
Hibernate: insert into parking_sessions (check_in_at,check_out_at,created_by_user_id,entry_gate,fee,notes,plate_number,reservation_id,slot_id,status,ticket_code,user_id,vehicle_type_id,id) values (?,?,?,?,?,?,?,?,?,?,?,?,?,default)
2026-07-11T00:13:15.363+07:00 DEBUG 22468 --- [parking-building-management-system] [  restartedMain] org.hibernate.SQL                        : insert into parking_sessions (check_in_at,check_out_at,created_by_user_id,entry_gate,fee,notes,plate_number,reservation_id,slot_id,status,ticket_code,user_id,vehicle_type_id,id) values (?,?,?,?,?,?,?,?,?,?,?,?,?,default)
Hibernate: insert into parking_sessions (check_in_at,check_out_at,created_by_user_id,entry_gate,fee,notes,plate_number,reservation_id,slot_id,status,ticket_code,user_id,vehicle_type_id,id) values (?,?,?,?,?,?,?,?,?,?,?,?,?,default)
2026-07-11T00:13:15.364+07:00 DEBUG 22468 --- [parking-building-management-system] [  restartedMain] org.hibernate.SQL                        : insert into parking_sessions (check_in_at,check_out_at,created_by_user_id,entry_gate,fee,notes,plate_number,reservation_id,slot_id,status,ticket_code,user_id,vehicle_type_id,id) values (?,?,?,?,?,?,?,?,?,?,?,?,?,default)
Hibernate: insert into parking_sessions (check_in_at,check_out_at,created_by_user_id,entry_gate,fee,notes,plate_number,reservation_id,slot_id,status,ticket_code,user_id,vehicle_type_id,id) values (?,?,?,?,?,?,?,?,?,?,?,?,?,default)
2026-07-11T00:13:15.365+07:00 DEBUG 22468 --- [parking-building-management-system] [  restartedMain] org.hibernate.SQL                        : insert into parking_sessions (check_in_at,check_out_at,created_by_user_id,entry_gate,fee,notes,plate_number,reservation_id,slot_id,status,ticket_code,user_id,vehicle_type_id,id) values (?,?,?,?,?,?,?,?,?,?,?,?,?,default)
Hibernate: insert into parking_sessions (check_in_at,check_out_at,created_by_user_id,entry_gate,fee,notes,plate_number,reservation_id,slot_id,status,ticket_code,user_id,vehicle_type_id,id) values (?,?,?,?,?,?,?,?,?,?,?,?,?,default)
2026-07-11T00:13:15.367+07:00 DEBUG 22468 --- [parking-building-management-system] [  restartedMain] org.hibernate.SQL                        : insert into parking_sessions (check_in_at,check_out_at,created_by_user_id,entry_gate,fee,notes,plate_number,reservation_id,slot_id,status,ticket_code,user_id,vehicle_type_id,id) values (?,?,?,?,?,?,?,?,?,?,?,?,?,default)
Hibernate: insert into parking_sessions (check_in_at,check_out_at,created_by_user_id,entry_gate,fee,notes,plate_number,reservation_id,slot_id,status,ticket_code,user_id,vehicle_type_id,id) values (?,?,?,?,?,?,?,?,?,?,?,?,?,default)
2026-07-11T00:13:15.368+07:00 DEBUG 22468 --- [parking-building-management-system] [  restartedMain] org.hibernate.SQL                        : insert into parking_sessions (check_in_at,check_out_at,created_by_user_id,entry_gate,fee,notes,plate_number,reservation_id,slot_id,status,ticket_code,user_id,vehicle_type_id,id) values (?,?,?,?,?,?,?,?,?,?,?,?,?,default)
Hibernate: insert into parking_sessions (check_in_at,check_out_at,created_by_user_id,entry_gate,fee,notes,plate_number,reservation_id,slot_id,status,ticket_code,user_id,vehicle_type_id,id) values (?,?,?,?,?,?,?,?,?,?,?,?,?,default)
2026-07-11T00:13:15.370+07:00 DEBUG 22468 --- [parking-building-management-system] [  restartedMain] org.hibernate.SQL                        : insert into parking_sessions (check_in_at,check_out_at,created_by_user_id,entry_gate,fee,notes,plate_number,reservation_id,slot_id,status,ticket_code,user_id,vehicle_type_id,id) values (?,?,?,?,?,?,?,?,?,?,?,?,?,default)
Hibernate: insert into parking_sessions (check_in_at,check_out_at,created_by_user_id,entry_gate,fee,notes,plate_number,reservation_id,slot_id,status,ticket_code,user_id,vehicle_type_id,id) values (?,?,?,?,?,?,?,?,?,?,?,?,?,default)
2026-07-11T00:13:15.370+07:00 DEBUG 22468 --- [parking-building-management-system] [  restartedMain] org.hibernate.SQL                        : insert into parking_sessions (check_in_at,check_out_at,created_by_user_id,entry_gate,fee,notes,plate_number,reservation_id,slot_id,status,ticket_code,user_id,vehicle_type_id,id) values (?,?,?,?,?,?,?,?,?,?,?,?,?,default)
Hibernate: insert into parking_sessions (check_in_at,check_out_at,created_by_user_id,entry_gate,fee,notes,plate_number,reservation_id,slot_id,status,ticket_code,user_id,vehicle_type_id,id) values (?,?,?,?,?,?,?,?,?,?,?,?,?,default)
2026-07-11T00:13:15.371+07:00 DEBUG 22468 --- [parking-building-management-system] [  restartedMain] org.hibernate.SQL                        : insert into parking_sessions (check_in_at,check_out_at,created_by_user_id,entry_gate,fee,notes,plate_number,reservation_id,slot_id,status,ticket_code,user_id,vehicle_type_id,id) values (?,?,?,?,?,?,?,?,?,?,?,?,?,default)
Hibernate: insert into parking_sessions (check_in_at,check_out_at,created_by_user_id,entry_gate,fee,notes,plate_number,reservation_id,slot_id,status,ticket_code,user_id,vehicle_type_id,id) values (?,?,?,?,?,?,?,?,?,?,?,?,?,default)
2026-07-11T00:13:15.372+07:00 DEBUG 22468 --- [parking-building-management-system] [  restartedMain] org.hibernate.SQL                        : insert into parking_sessions (check_in_at,check_out_at,created_by_user_id,entry_gate,fee,notes,plate_number,reservation_id,slot_id,status,ticket_code,user_id,vehicle_type_id,id) values (?,?,?,?,?,?,?,?,?,?,?,?,?,default)
Hibernate: insert into parking_sessions (check_in_at,check_out_at,created_by_user_id,entry_gate,fee,notes,plate_number,reservation_id,slot_id,status,ticket_code,user_id,vehicle_type_id,id) values (?,?,?,?,?,?,?,?,?,?,?,?,?,default)
2026-07-11T00:13:15.372+07:00 DEBUG 22468 --- [parking-building-management-system] [  restartedMain] org.hibernate.SQL                        : insert into parking_sessions (check_in_at,check_out_at,created_by_user_id,entry_gate,fee,notes,plate_number,reservation_id,slot_id,status,ticket_code,user_id,vehicle_type_id,id) values (?,?,?,?,?,?,?,?,?,?,?,?,?,default)
Hibernate: insert into parking_sessions (check_in_at,check_out_at,created_by_user_id,entry_gate,fee,notes,plate_number,reservation_id,slot_id,status,ticket_code,user_id,vehicle_type_id,id) values (?,?,?,?,?,?,?,?,?,?,?,?,?,default)
2026-07-11T00:13:15.374+07:00 DEBUG 22468 --- [parking-building-management-system] [  restartedMain] org.hibernate.SQL                        : insert into parking_sessions (check_in_at,check_out_at,created_by_user_id,entry_gate,fee,notes,plate_number,reservation_id,slot_id,status,ticket_code,user_id,vehicle_type_id,id) values (?,?,?,?,?,?,?,?,?,?,?,?,?,default)
Hibernate: insert into parking_sessions (check_in_at,check_out_at,created_by_user_id,entry_gate,fee,notes,plate_number,reservation_id,slot_id,status,ticket_code,user_id,vehicle_type_id,id) values (?,?,?,?,?,?,?,?,?,?,?,?,?,default)
2026-07-11T00:13:15.375+07:00 DEBUG 22468 --- [parking-building-management-system] [  restartedMain] org.hibernate.SQL                        : insert into parking_sessions (check_in_at,check_out_at,created_by_user_id,entry_gate,fee,notes,plate_number,reservation_id,slot_id,status,ticket_code,user_id,vehicle_type_id,id) values (?,?,?,?,?,?,?,?,?,?,?,?,?,default)
Hibernate: insert into parking_sessions (check_in_at,check_out_at,created_by_user_id,entry_gate,fee,notes,plate_number,reservation_id,slot_id,status,ticket_code,user_id,vehicle_type_id,id) values (?,?,?,?,?,?,?,?,?,?,?,?,?,default)
2026-07-11T00:13:15.375+07:00 DEBUG 22468 --- [parking-building-management-system] [  restartedMain] org.hibernate.SQL                        : insert into parking_sessions (check_in_at,check_out_at,created_by_user_id,entry_gate,fee,notes,plate_number,reservation_id,slot_id,status,ticket_code,user_id,vehicle_type_id,id) values (?,?,?,?,?,?,?,?,?,?,?,?,?,default)
Hibernate: insert into parking_sessions (check_in_at,check_out_at,created_by_user_id,entry_gate,fee,notes,plate_number,reservation_id,slot_id,status,ticket_code,user_id,vehicle_type_id,id) values (?,?,?,?,?,?,?,?,?,?,?,?,?,default)
2026-07-11T00:13:15.376+07:00 DEBUG 22468 --- [parking-building-management-system] [  restartedMain] org.hibernate.SQL                        : insert into parking_sessions (check_in_at,check_out_at,created_by_user_id,entry_gate,fee,notes,plate_number,reservation_id,slot_id,status,ticket_code,user_id,vehicle_type_id,id) values (?,?,?,?,?,?,?,?,?,?,?,?,?,default)
Hibernate: insert into parking_sessions (check_in_at,check_out_at,created_by_user_id,entry_gate,fee,notes,plate_number,reservation_id,slot_id,status,ticket_code,user_id,vehicle_type_id,id) values (?,?,?,?,?,?,?,?,?,?,?,?,?,default)
2026-07-11T00:13:15.377+07:00 DEBUG 22468 --- [parking-building-management-system] [  restartedMain] org.hibernate.SQL                        : insert into parking_sessions (check_in_at,check_out_at,created_by_user_id,entry_gate,fee,notes,plate_number,reservation_id,slot_id,status,ticket_code,user_id,vehicle_type_id,id) values (?,?,?,?,?,?,?,?,?,?,?,?,?,default)
Hibernate: insert into parking_sessions (check_in_at,check_out_at,created_by_user_id,entry_gate,fee,notes,plate_number,reservation_id,slot_id,status,ticket_code,user_id,vehicle_type_id,id) values (?,?,?,?,?,?,?,?,?,?,?,?,?,default)
2026-07-11T00:13:15.377+07:00 DEBUG 22468 --- [parking-building-management-system] [  restartedMain] org.hibernate.SQL                        : insert into parking_sessions (check_in_at,check_out_at,created_by_user_id,entry_gate,fee,notes,plate_number,reservation_id,slot_id,status,ticket_code,user_id,vehicle_type_id,id) values (?,?,?,?,?,?,?,?,?,?,?,?,?,default)
Hibernate: insert into parking_sessions (check_in_at,check_out_at,created_by_user_id,entry_gate,fee,notes,plate_number,reservation_id,slot_id,status,ticket_code,user_id,vehicle_type_id,id) values (?,?,?,?,?,?,?,?,?,?,?,?,?,default)
2026-07-11T00:13:15.378+07:00 DEBUG 22468 --- [parking-building-management-system] [  restartedMain] org.hibernate.SQL                        : insert into parking_sessions (check_in_at,check_out_at,created_by_user_id,entry_gate,fee,notes,plate_number,reservation_id,slot_id,status,ticket_code,user_id,vehicle_type_id,id) values (?,?,?,?,?,?,?,?,?,?,?,?,?,default)
Hibernate: insert into parking_sessions (check_in_at,check_out_at,created_by_user_id,entry_gate,fee,notes,plate_number,reservation_id,slot_id,status,ticket_code,user_id,vehicle_type_id,id) values (?,?,?,?,?,?,?,?,?,?,?,?,?,default)
2026-07-11T00:13:15.378+07:00 DEBUG 22468 --- [parking-building-management-system] [  restartedMain] org.hibernate.SQL                        : insert into parking_sessions (check_in_at,check_out_at,created_by_user_id,entry_gate,fee,notes,plate_number,reservation_id,slot_id,status,ticket_code,user_id,vehicle_type_id,id) values (?,?,?,?,?,?,?,?,?,?,?,?,?,default)
Hibernate: insert into parking_sessions (check_in_at,check_out_at,created_by_user_id,entry_gate,fee,notes,plate_number,reservation_id,slot_id,status,ticket_code,user_id,vehicle_type_id,id) values (?,?,?,?,?,?,?,?,?,?,?,?,?,default)
2026-07-11T00:13:15.380+07:00 DEBUG 22468 --- [parking-building-management-system] [  restartedMain] org.hibernate.SQL                        : insert into parking_sessions (check_in_at,check_out_at,created_by_user_id,entry_gate,fee,notes,plate_number,reservation_id,slot_id,status,ticket_code,user_id,vehicle_type_id,id) values (?,?,?,?,?,?,?,?,?,?,?,?,?,default)
Hibernate: insert into parking_sessions (check_in_at,check_out_at,created_by_user_id,entry_gate,fee,notes,plate_number,reservation_id,slot_id,status,ticket_code,user_id,vehicle_type_id,id) values (?,?,?,?,?,?,?,?,?,?,?,?,?,default)
2026-07-11T00:13:15.381+07:00 DEBUG 22468 --- [parking-building-management-system] [  restartedMain] org.hibernate.SQL                        : insert into parking_sessions (check_in_at,check_out_at,created_by_user_id,entry_gate,fee,notes,plate_number,reservation_id,slot_id,status,ticket_code,user_id,vehicle_type_id,id) values (?,?,?,?,?,?,?,?,?,?,?,?,?,default)
Hibernate: insert into parking_sessions (check_in_at,check_out_at,created_by_user_id,entry_gate,fee,notes,plate_number,reservation_id,slot_id,status,ticket_code,user_id,vehicle_type_id,id) values (?,?,?,?,?,?,?,?,?,?,?,?,?,default)
2026-07-11T00:13:15.382+07:00 DEBUG 22468 --- [parking-building-management-system] [  restartedMain] org.hibernate.SQL                        : insert into parking_sessions (check_in_at,check_out_at,created_by_user_id,entry_gate,fee,notes,plate_number,reservation_id,slot_id,status,ticket_code,user_id,vehicle_type_id,id) values (?,?,?,?,?,?,?,?,?,?,?,?,?,default)
Hibernate: insert into parking_sessions (check_in_at,check_out_at,created_by_user_id,entry_gate,fee,notes,plate_number,reservation_id,slot_id,status,ticket_code,user_id,vehicle_type_id,id) values (?,?,?,?,?,?,?,?,?,?,?,?,?,default)
2026-07-11T00:13:15.382+07:00 DEBUG 22468 --- [parking-building-management-system] [  restartedMain] org.hibernate.SQL                        : insert into parking_sessions (check_in_at,check_out_at,created_by_user_id,entry_gate,fee,notes,plate_number,reservation_id,slot_id,status,ticket_code,user_id,vehicle_type_id,id) values (?,?,?,?,?,?,?,?,?,?,?,?,?,default)
Hibernate: insert into parking_sessions (check_in_at,check_out_at,created_by_user_id,entry_gate,fee,notes,plate_number,reservation_id,slot_id,status,ticket_code,user_id,vehicle_type_id,id) values (?,?,?,?,?,?,?,?,?,?,?,?,?,default)
2026-07-11T00:13:15.383+07:00 DEBUG 22468 --- [parking-building-management-system] [  restartedMain] org.hibernate.SQL                        : insert into parking_sessions (check_in_at,check_out_at,created_by_user_id,entry_gate,fee,notes,plate_number,reservation_id,slot_id,status,ticket_code,user_id,vehicle_type_id,id) values (?,?,?,?,?,?,?,?,?,?,?,?,?,default)
Hibernate: insert into parking_sessions (check_in_at,check_out_at,created_by_user_id,entry_gate,fee,notes,plate_number,reservation_id,slot_id,status,ticket_code,user_id,vehicle_type_id,id) values (?,?,?,?,?,?,?,?,?,?,?,?,?,default)
2026-07-11T00:13:15.384+07:00 DEBUG 22468 --- [parking-building-management-system] [  restartedMain] org.hibernate.SQL                        : insert into parking_sessions (check_in_at,check_out_at,created_by_user_id,entry_gate,fee,notes,plate_number,reservation_id,slot_id,status,ticket_code,user_id,vehicle_type_id,id) values (?,?,?,?,?,?,?,?,?,?,?,?,?,default)
Hibernate: insert into parking_sessions (check_in_at,check_out_at,created_by_user_id,entry_gate,fee,notes,plate_number,reservation_id,slot_id,status,ticket_code,user_id,vehicle_type_id,id) values (?,?,?,?,?,?,?,?,?,?,?,?,?,default)
2026-07-11T00:13:15.385+07:00 DEBUG 22468 --- [parking-building-management-system] [  restartedMain] org.hibernate.SQL                        : insert into parking_sessions (check_in_at,check_out_at,created_by_user_id,entry_gate,fee,notes,plate_number,reservation_id,slot_id,status,ticket_code,user_id,vehicle_type_id,id) values (?,?,?,?,?,?,?,?,?,?,?,?,?,default)
Hibernate: insert into parking_sessions (check_in_at,check_out_at,created_by_user_id,entry_gate,fee,notes,plate_number,reservation_id,slot_id,status,ticket_code,user_id,vehicle_type_id,id) values (?,?,?,?,?,?,?,?,?,?,?,?,?,default)
2026-07-11T00:13:15.386+07:00 DEBUG 22468 --- [parking-building-management-system] [  restartedMain] org.hibernate.SQL                        : insert into parking_sessions (check_in_at,check_out_at,created_by_user_id,entry_gate,fee,notes,plate_number,reservation_id,slot_id,status,ticket_code,user_id,vehicle_type_id,id) values (?,?,?,?,?,?,?,?,?,?,?,?,?,default)
Hibernate: insert into parking_sessions (check_in_at,check_out_at,created_by_user_id,entry_gate,fee,notes,plate_number,reservation_id,slot_id,status,ticket_code,user_id,vehicle_type_id,id) values (?,?,?,?,?,?,?,?,?,?,?,?,?,default)
2026-07-11T00:13:15.387+07:00 DEBUG 22468 --- [parking-building-management-system] [  restartedMain] org.hibernate.SQL                        : insert into parking_sessions (check_in_at,check_out_at,created_by_user_id,entry_gate,fee,notes,plate_number,reservation_id,slot_id,status,ticket_code,user_id,vehicle_type_id,id) values (?,?,?,?,?,?,?,?,?,?,?,?,?,default)
Hibernate: insert into parking_sessions (check_in_at,check_out_at,created_by_user_id,entry_gate,fee,notes,plate_number,reservation_id,slot_id,status,ticket_code,user_id,vehicle_type_id,id) values (?,?,?,?,?,?,?,?,?,?,?,?,?,default)
2026-07-11T00:13:15.388+07:00 DEBUG 22468 --- [parking-building-management-system] [  restartedMain] org.hibernate.SQL                        : insert into parking_sessions (check_in_at,check_out_at,created_by_user_id,entry_gate,fee,notes,plate_number,reservation_id,slot_id,status,ticket_code,user_id,vehicle_type_id,id) values (?,?,?,?,?,?,?,?,?,?,?,?,?,default)
Hibernate: insert into parking_sessions (check_in_at,check_out_at,created_by_user_id,entry_gate,fee,notes,plate_number,reservation_id,slot_id,status,ticket_code,user_id,vehicle_type_id,id) values (?,?,?,?,?,?,?,?,?,?,?,?,?,default)
2026-07-11T00:13:15.389+07:00 DEBUG 22468 --- [parking-building-management-system] [  restartedMain] org.hibernate.SQL                        : insert into parking_sessions (check_in_at,check_out_at,created_by_user_id,entry_gate,fee,notes,plate_number,reservation_id,slot_id,status,ticket_code,user_id,vehicle_type_id,id) values (?,?,?,?,?,?,?,?,?,?,?,?,?,default)
Hibernate: insert into parking_sessions (check_in_at,check_out_at,created_by_user_id,entry_gate,fee,notes,plate_number,reservation_id,slot_id,status,ticket_code,user_id,vehicle_type_id,id) values (?,?,?,?,?,?,?,?,?,?,?,?,?,default)
2026-07-11T00:13:15.390+07:00 DEBUG 22468 --- [parking-building-management-system] [  restartedMain] org.hibernate.SQL                        : insert into parking_sessions (check_in_at,check_out_at,created_by_user_id,entry_gate,fee,notes,plate_number,reservation_id,slot_id,status,ticket_code,user_id,vehicle_type_id,id) values (?,?,?,?,?,?,?,?,?,?,?,?,?,default)
Hibernate: insert into parking_sessions (check_in_at,check_out_at,created_by_user_id,entry_gate,fee,notes,plate_number,reservation_id,slot_id,status,ticket_code,user_id,vehicle_type_id,id) values (?,?,?,?,?,?,?,?,?,?,?,?,?,default)
2026-07-11T00:13:15.390+07:00 DEBUG 22468 --- [parking-building-management-system] [  restartedMain] org.hibernate.SQL                        : insert into parking_sessions (check_in_at,check_out_at,created_by_user_id,entry_gate,fee,notes,plate_number,reservation_id,slot_id,status,ticket_code,user_id,vehicle_type_id,id) values (?,?,?,?,?,?,?,?,?,?,?,?,?,default)
Hibernate: insert into parking_sessions (check_in_at,check_out_at,created_by_user_id,entry_gate,fee,notes,plate_number,reservation_id,slot_id,status,ticket_code,user_id,vehicle_type_id,id) values (?,?,?,?,?,?,?,?,?,?,?,?,?,default)
2026-07-11T00:13:15.391+07:00 DEBUG 22468 --- [parking-building-management-system] [  restartedMain] org.hibernate.SQL                        : insert into parking_sessions (check_in_at,check_out_at,created_by_user_id,entry_gate,fee,notes,plate_number,reservation_id,slot_id,status,ticket_code,user_id,vehicle_type_id,id) values (?,?,?,?,?,?,?,?,?,?,?,?,?,default)
Hibernate: insert into parking_sessions (check_in_at,check_out_at,created_by_user_id,entry_gate,fee,notes,plate_number,reservation_id,slot_id,status,ticket_code,user_id,vehicle_type_id,id) values (?,?,?,?,?,?,?,?,?,?,?,?,?,default)
2026-07-11T00:13:15.392+07:00 DEBUG 22468 --- [parking-building-management-system] [  restartedMain] org.hibernate.SQL                        : insert into parking_sessions (check_in_at,check_out_at,created_by_user_id,entry_gate,fee,notes,plate_number,reservation_id,slot_id,status,ticket_code,user_id,vehicle_type_id,id) values (?,?,?,?,?,?,?,?,?,?,?,?,?,default)
Hibernate: insert into parking_sessions (check_in_at,check_out_at,created_by_user_id,entry_gate,fee,notes,plate_number,reservation_id,slot_id,status,ticket_code,user_id,vehicle_type_id,id) values (?,?,?,?,?,?,?,?,?,?,?,?,?,default)
2026-07-11T00:13:15.392+07:00 DEBUG 22468 --- [parking-building-management-system] [  restartedMain] org.hibernate.SQL                        : insert into parking_sessions (check_in_at,check_out_at,created_by_user_id,entry_gate,fee,notes,plate_number,reservation_id,slot_id,status,ticket_code,user_id,vehicle_type_id,id) values (?,?,?,?,?,?,?,?,?,?,?,?,?,default)
Hibernate: insert into parking_sessions (check_in_at,check_out_at,created_by_user_id,entry_gate,fee,notes,plate_number,reservation_id,slot_id,status,ticket_code,user_id,vehicle_type_id,id) values (?,?,?,?,?,?,?,?,?,?,?,?,?,default)
2026-07-11T00:13:15.395+07:00 DEBUG 22468 --- [parking-building-management-system] [  restartedMain] org.hibernate.SQL                        : insert into payments (amount,collected_by_user_id,method,payment_time,session_id,id) values (?,?,?,?,?,default)
Hibernate: insert into payments (amount,collected_by_user_id,method,payment_time,session_id,id) values (?,?,?,?,?,default)
2026-07-11T00:13:15.396+07:00 DEBUG 22468 --- [parking-building-management-system] [  restartedMain] org.hibernate.SQL                        : insert into payments (amount,collected_by_user_id,method,payment_time,session_id,id) values (?,?,?,?,?,default)
Hibernate: insert into payments (amount,collected_by_user_id,method,payment_time,session_id,id) values (?,?,?,?,?,default)
2026-07-11T00:13:15.397+07:00 DEBUG 22468 --- [parking-building-management-system] [  restartedMain] org.hibernate.SQL                        : insert into payments (amount,collected_by_user_id,method,payment_time,session_id,id) values (?,?,?,?,?,default)
Hibernate: insert into payments (amount,collected_by_user_id,method,payment_time,session_id,id) values (?,?,?,?,?,default)
2026-07-11T00:13:15.397+07:00 DEBUG 22468 --- [parking-building-management-system] [  restartedMain] org.hibernate.SQL                        : insert into payments (amount,collected_by_user_id,method,payment_time,session_id,id) values (?,?,?,?,?,default)
Hibernate: insert into payments (amount,collected_by_user_id,method,payment_time,session_id,id) values (?,?,?,?,?,default)
2026-07-11T00:13:15.398+07:00 DEBUG 22468 --- [parking-building-management-system] [  restartedMain] org.hibernate.SQL                        : insert into payments (amount,collected_by_user_id,method,payment_time,session_id,id) values (?,?,?,?,?,default)
Hibernate: insert into payments (amount,collected_by_user_id,method,payment_time,session_id,id) values (?,?,?,?,?,default)
2026-07-11T00:13:15.398+07:00 DEBUG 22468 --- [parking-building-management-system] [  restartedMain] org.hibernate.SQL                        : insert into payments (amount,collected_by_user_id,method,payment_time,session_id,id) values (?,?,?,?,?,default)
Hibernate: insert into payments (amount,collected_by_user_id,method,payment_time,session_id,id) values (?,?,?,?,?,default)
2026-07-11T00:13:15.399+07:00 DEBUG 22468 --- [parking-building-management-system] [  restartedMain] org.hibernate.SQL                        : insert into payments (amount,collected_by_user_id,method,payment_time,session_id,id) values (?,?,?,?,?,default)
Hibernate: insert into payments (amount,collected_by_user_id,method,payment_time,session_id,id) values (?,?,?,?,?,default)
2026-07-11T00:13:15.400+07:00 DEBUG 22468 --- [parking-building-management-system] [  restartedMain] org.hibernate.SQL                        : insert into payments (amount,collected_by_user_id,method,payment_time,session_id,id) values (?,?,?,?,?,default)
Hibernate: insert into payments (amount,collected_by_user_id,method,payment_time,session_id,id) values (?,?,?,?,?,default)
2026-07-11T00:13:15.401+07:00 DEBUG 22468 --- [parking-building-management-system] [  restartedMain] org.hibernate.SQL                        : insert into payments (amount,collected_by_user_id,method,payment_time,session_id,id) values (?,?,?,?,?,default)
Hibernate: insert into payments (amount,collected_by_user_id,method,payment_time,session_id,id) values (?,?,?,?,?,default)
2026-07-11T00:13:15.402+07:00 DEBUG 22468 --- [parking-building-management-system] [  restartedMain] org.hibernate.SQL                        : insert into payments (amount,collected_by_user_id,method,payment_time,session_id,id) values (?,?,?,?,?,default)
Hibernate: insert into payments (amount,collected_by_user_id,method,payment_time,session_id,id) values (?,?,?,?,?,default)
2026-07-11T00:13:15.402+07:00 DEBUG 22468 --- [parking-building-management-system] [  restartedMain] org.hibernate.SQL                        : insert into payments (amount,collected_by_user_id,method,payment_time,session_id,id) values (?,?,?,?,?,default)
Hibernate: insert into payments (amount,collected_by_user_id,method,payment_time,session_id,id) values (?,?,?,?,?,default)
2026-07-11T00:13:15.403+07:00 DEBUG 22468 --- [parking-building-management-system] [  restartedMain] org.hibernate.SQL                        : insert into payments (amount,collected_by_user_id,method,payment_time,session_id,id) values (?,?,?,?,?,default)
Hibernate: insert into payments (amount,collected_by_user_id,method,payment_time,session_id,id) values (?,?,?,?,?,default)
2026-07-11T00:13:15.404+07:00 DEBUG 22468 --- [parking-building-management-system] [  restartedMain] org.hibernate.SQL                        : insert into payments (amount,collected_by_user_id,method,payment_time,session_id,id) values (?,?,?,?,?,default)
Hibernate: insert into payments (amount,collected_by_user_id,method,payment_time,session_id,id) values (?,?,?,?,?,default)
2026-07-11T00:13:15.404+07:00 DEBUG 22468 --- [parking-building-management-system] [  restartedMain] org.hibernate.SQL                        : insert into payments (amount,collected_by_user_id,method,payment_time,session_id,id) values (?,?,?,?,?,default)
Hibernate: insert into payments (amount,collected_by_user_id,method,payment_time,session_id,id) values (?,?,?,?,?,default)
2026-07-11T00:13:15.405+07:00 DEBUG 22468 --- [parking-building-management-system] [  restartedMain] org.hibernate.SQL                        : insert into payments (amount,collected_by_user_id,method,payment_time,session_id,id) values (?,?,?,?,?,default)
Hibernate: insert into payments (amount,collected_by_user_id,method,payment_time,session_id,id) values (?,?,?,?,?,default)
2026-07-11T00:13:15.405+07:00 DEBUG 22468 --- [parking-building-management-system] [  restartedMain] org.hibernate.SQL                        : insert into payments (amount,collected_by_user_id,method,payment_time,session_id,id) values (?,?,?,?,?,default)
Hibernate: insert into payments (amount,collected_by_user_id,method,payment_time,session_id,id) values (?,?,?,?,?,default)
2026-07-11T00:13:15.405+07:00 DEBUG 22468 --- [parking-building-management-system] [  restartedMain] org.hibernate.SQL                        : insert into payments (amount,collected_by_user_id,method,payment_time,session_id,id) values (?,?,?,?,?,default)
Hibernate: insert into payments (amount,collected_by_user_id,method,payment_time,session_id,id) values (?,?,?,?,?,default)
2026-07-11T00:13:15.406+07:00 DEBUG 22468 --- [parking-building-management-system] [  restartedMain] org.hibernate.SQL                        : insert into payments (amount,collected_by_user_id,method,payment_time,session_id,id) values (?,?,?,?,?,default)
Hibernate: insert into payments (amount,collected_by_user_id,method,payment_time,session_id,id) values (?,?,?,?,?,default)
2026-07-11T00:13:15.407+07:00 DEBUG 22468 --- [parking-building-management-system] [  restartedMain] org.hibernate.SQL                        : insert into payments (amount,collected_by_user_id,method,payment_time,session_id,id) values (?,?,?,?,?,default)
Hibernate: insert into payments (amount,collected_by_user_id,method,payment_time,session_id,id) values (?,?,?,?,?,default)
2026-07-11T00:13:15.408+07:00 DEBUG 22468 --- [parking-building-management-system] [  restartedMain] org.hibernate.SQL                        : insert into payments (amount,collected_by_user_id,method,payment_time,session_id,id) values (?,?,?,?,?,default)
Hibernate: insert into payments (amount,collected_by_user_id,method,payment_time,session_id,id) values (?,?,?,?,?,default)
2026-07-11T00:13:15.409+07:00 DEBUG 22468 --- [parking-building-management-system] [  restartedMain] org.hibernate.SQL                        : insert into payments (amount,collected_by_user_id,method,payment_time,session_id,id) values (?,?,?,?,?,default)
Hibernate: insert into payments (amount,collected_by_user_id,method,payment_time,session_id,id) values (?,?,?,?,?,default)
2026-07-11T00:13:15.410+07:00 DEBUG 22468 --- [parking-building-management-system] [  restartedMain] org.hibernate.SQL                        : insert into payments (amount,collected_by_user_id,method,payment_time,session_id,id) values (?,?,?,?,?,default)
Hibernate: insert into payments (amount,collected_by_user_id,method,payment_time,session_id,id) values (?,?,?,?,?,default)
2026-07-11T00:13:15.411+07:00 DEBUG 22468 --- [parking-building-management-system] [  restartedMain] org.hibernate.SQL                        : insert into payments (amount,collected_by_user_id,method,payment_time,session_id,id) values (?,?,?,?,?,default)
Hibernate: insert into payments (amount,collected_by_user_id,method,payment_time,session_id,id) values (?,?,?,?,?,default)
2026-07-11T00:13:15.412+07:00 DEBUG 22468 --- [parking-building-management-system] [  restartedMain] org.hibernate.SQL                        : insert into payments (amount,collected_by_user_id,method,payment_time,session_id,id) values (?,?,?,?,?,default)
Hibernate: insert into payments (amount,collected_by_user_id,method,payment_time,session_id,id) values (?,?,?,?,?,default)
2026-07-11T00:13:15.412+07:00 DEBUG 22468 --- [parking-building-management-system] [  restartedMain] org.hibernate.SQL                        : insert into payments (amount,collected_by_user_id,method,payment_time,session_id,id) values (?,?,?,?,?,default)
Hibernate: insert into payments (amount,collected_by_user_id,method,payment_time,session_id,id) values (?,?,?,?,?,default)
2026-07-11T00:13:15.412+07:00 DEBUG 22468 --- [parking-building-management-system] [  restartedMain] org.hibernate.SQL                        : insert into payments (amount,collected_by_user_id,method,payment_time,session_id,id) values (?,?,?,?,?,default)
Hibernate: insert into payments (amount,collected_by_user_id,method,payment_time,session_id,id) values (?,?,?,?,?,default)
2026-07-11T00:13:15.413+07:00 DEBUG 22468 --- [parking-building-management-system] [  restartedMain] org.hibernate.SQL                        : insert into payments (amount,collected_by_user_id,method,payment_time,session_id,id) values (?,?,?,?,?,default)
Hibernate: insert into payments (amount,collected_by_user_id,method,payment_time,session_id,id) values (?,?,?,?,?,default)
2026-07-11T00:13:15.414+07:00 DEBUG 22468 --- [parking-building-management-system] [  restartedMain] org.hibernate.SQL                        : insert into payments (amount,collected_by_user_id,method,payment_time,session_id,id) values (?,?,?,?,?,default)
Hibernate: insert into payments (amount,collected_by_user_id,method,payment_time,session_id,id) values (?,?,?,?,?,default)
2026-07-11T00:13:15.415+07:00 DEBUG 22468 --- [parking-building-management-system] [  restartedMain] org.hibernate.SQL                        : insert into payments (amount,collected_by_user_id,method,payment_time,session_id,id) values (?,?,?,?,?,default)
Hibernate: insert into payments (amount,collected_by_user_id,method,payment_time,session_id,id) values (?,?,?,?,?,default)
2026-07-11T00:13:15.416+07:00 DEBUG 22468 --- [parking-building-management-system] [  restartedMain] org.hibernate.SQL                        : insert into payments (amount,collected_by_user_id,method,payment_time,session_id,id) values (?,?,?,?,?,default)
Hibernate: insert into payments (amount,collected_by_user_id,method,payment_time,session_id,id) values (?,?,?,?,?,default)
2026-07-11T00:13:15.416+07:00 DEBUG 22468 --- [parking-building-management-system] [  restartedMain] org.hibernate.SQL                        : insert into payments (amount,collected_by_user_id,method,payment_time,session_id,id) values (?,?,?,?,?,default)
Hibernate: insert into payments (amount,collected_by_user_id,method,payment_time,session_id,id) values (?,?,?,?,?,default)
2026-07-11T00:13:15.417+07:00 DEBUG 22468 --- [parking-building-management-system] [  restartedMain] org.hibernate.SQL                        : insert into payments (amount,collected_by_user_id,method,payment_time,session_id,id) values (?,?,?,?,?,default)
Hibernate: insert into payments (amount,collected_by_user_id,method,payment_time,session_id,id) values (?,?,?,?,?,default)
2026-07-11T00:13:15.418+07:00 DEBUG 22468 --- [parking-building-management-system] [  restartedMain] org.hibernate.SQL                        : insert into payments (amount,collected_by_user_id,method,payment_time,session_id,id) values (?,?,?,?,?,default)
Hibernate: insert into payments (amount,collected_by_user_id,method,payment_time,session_id,id) values (?,?,?,?,?,default)
2026-07-11T00:13:15.419+07:00 DEBUG 22468 --- [parking-building-management-system] [  restartedMain] org.hibernate.SQL                        : insert into payments (amount,collected_by_user_id,method,payment_time,session_id,id) values (?,?,?,?,?,default)
Hibernate: insert into payments (amount,collected_by_user_id,method,payment_time,session_id,id) values (?,?,?,?,?,default)
2026-07-11T00:13:15.419+07:00 DEBUG 22468 --- [parking-building-management-system] [  restartedMain] org.hibernate.SQL                        : insert into payments (amount,collected_by_user_id,method,payment_time,session_id,id) values (?,?,?,?,?,default)
Hibernate: insert into payments (amount,collected_by_user_id,method,payment_time,session_id,id) values (?,?,?,?,?,default)
2026-07-11T00:13:15.420+07:00 DEBUG 22468 --- [parking-building-management-system] [  restartedMain] org.hibernate.SQL                        : insert into payments (amount,collected_by_user_id,method,payment_time,session_id,id) values (?,?,?,?,?,default)
Hibernate: insert into payments (amount,collected_by_user_id,method,payment_time,session_id,id) values (?,?,?,?,?,default)
2026-07-11T00:13:15.420+07:00 DEBUG 22468 --- [parking-building-management-system] [  restartedMain] org.hibernate.SQL                        : insert into payments (amount,collected_by_user_id,method,payment_time,session_id,id) values (?,?,?,?,?,default)
Hibernate: insert into payments (amount,collected_by_user_id,method,payment_time,session_id,id) values (?,?,?,?,?,default)
2026-07-11T00:13:15.421+07:00 DEBUG 22468 --- [parking-building-management-system] [  restartedMain] org.hibernate.SQL                        : insert into payments (amount,collected_by_user_id,method,payment_time,session_id,id) values (?,?,?,?,?,default)
Hibernate: insert into payments (amount,collected_by_user_id,method,payment_time,session_id,id) values (?,?,?,?,?,default)
2026-07-11T00:13:15.422+07:00 DEBUG 22468 --- [parking-building-management-system] [  restartedMain] org.hibernate.SQL                        : insert into payments (amount,collected_by_user_id,method,payment_time,session_id,id) values (?,?,?,?,?,default)
Hibernate: insert into payments (amount,collected_by_user_id,method,payment_time,session_id,id) values (?,?,?,?,?,default)
2026-07-11T00:13:15.423+07:00 DEBUG 22468 --- [parking-building-management-system] [  restartedMain] org.hibernate.SQL                        : insert into payments (amount,collected_by_user_id,method,payment_time,session_id,id) values (?,?,?,?,?,default)
Hibernate: insert into payments (amount,collected_by_user_id,method,payment_time,session_id,id) values (?,?,?,?,?,default)
2026-07-11T00:13:15.424+07:00 DEBUG 22468 --- [parking-building-management-system] [  restartedMain] org.hibernate.SQL                        : insert into payments (amount,collected_by_user_id,method,payment_time,session_id,id) values (?,?,?,?,?,default)
Hibernate: insert into payments (amount,collected_by_user_id,method,payment_time,session_id,id) values (?,?,?,?,?,default)
2026-07-11T00:13:15.425+07:00 DEBUG 22468 --- [parking-building-management-system] [  restartedMain] org.hibernate.SQL                        : insert into payments (amount,collected_by_user_id,method,payment_time,session_id,id) values (?,?,?,?,?,default)
Hibernate: insert into payments (amount,collected_by_user_id,method,payment_time,session_id,id) values (?,?,?,?,?,default)
2026-07-11T00:13:15.426+07:00 DEBUG 22468 --- [parking-building-management-system] [  restartedMain] org.hibernate.SQL                        : insert into payments (amount,collected_by_user_id,method,payment_time,session_id,id) values (?,?,?,?,?,default)
Hibernate: insert into payments (amount,collected_by_user_id,method,payment_time,session_id,id) values (?,?,?,?,?,default)
2026-07-11T00:13:15.426+07:00 DEBUG 22468 --- [parking-building-management-system] [  restartedMain] org.hibernate.SQL                        : insert into payments (amount,collected_by_user_id,method,payment_time,session_id,id) values (?,?,?,?,?,default)
Hibernate: insert into payments (amount,collected_by_user_id,method,payment_time,session_id,id) values (?,?,?,?,?,default)
2026-07-11T00:13:15.427+07:00 DEBUG 22468 --- [parking-building-management-system] [  restartedMain] org.hibernate.SQL                        : insert into payments (amount,collected_by_user_id,method,payment_time,session_id,id) values (?,?,?,?,?,default)
Hibernate: insert into payments (amount,collected_by_user_id,method,payment_time,session_id,id) values (?,?,?,?,?,default)
2026-07-11T00:13:15.427+07:00 DEBUG 22468 --- [parking-building-management-system] [  restartedMain] org.hibernate.SQL                        : insert into payments (amount,collected_by_user_id,method,payment_time,session_id,id) values (?,?,?,?,?,default)
Hibernate: insert into payments (amount,collected_by_user_id,method,payment_time,session_id,id) values (?,?,?,?,?,default)
2026-07-11T00:13:15.428+07:00 DEBUG 22468 --- [parking-building-management-system] [  restartedMain] org.hibernate.SQL                        : insert into payments (amount,collected_by_user_id,method,payment_time,session_id,id) values (?,?,?,?,?,default)
Hibernate: insert into payments (amount,collected_by_user_id,method,payment_time,session_id,id) values (?,?,?,?,?,default)
2026-07-11T00:13:15.429+07:00 DEBUG 22468 --- [parking-building-management-system] [  restartedMain] org.hibernate.SQL                        : insert into payments (amount,collected_by_user_id,method,payment_time,session_id,id) values (?,?,?,?,?,default)
Hibernate: insert into payments (amount,collected_by_user_id,method,payment_time,session_id,id) values (?,?,?,?,?,default)
2026-07-11T00:13:15.430+07:00 DEBUG 22468 --- [parking-building-management-system] [  restartedMain] org.hibernate.SQL                        : insert into payments (amount,collected_by_user_id,method,payment_time,session_id,id) values (?,?,?,?,?,default)
Hibernate: insert into payments (amount,collected_by_user_id,method,payment_time,session_id,id) values (?,?,?,?,?,default)
2026-07-11T00:13:15.431+07:00 DEBUG 22468 --- [parking-building-management-system] [  restartedMain] org.hibernate.SQL                        : insert into payments (amount,collected_by_user_id,method,payment_time,session_id,id) values (?,?,?,?,?,default)
Hibernate: insert into payments (amount,collected_by_user_id,method,payment_time,session_id,id) values (?,?,?,?,?,default)
2026-07-11T00:13:15.431+07:00 DEBUG 22468 --- [parking-building-management-system] [  restartedMain] org.hibernate.SQL                        : insert into payments (amount,collected_by_user_id,method,payment_time,session_id,id) values (?,?,?,?,?,default)
Hibernate: insert into payments (amount,collected_by_user_id,method,payment_time,session_id,id) values (?,?,?,?,?,default)
2026-07-11T00:13:15.432+07:00 DEBUG 22468 --- [parking-building-management-system] [  restartedMain] org.hibernate.SQL                        : insert into payments (amount,collected_by_user_id,method,payment_time,session_id,id) values (?,?,?,?,?,default)
Hibernate: insert into payments (amount,collected_by_user_id,method,payment_time,session_id,id) values (?,?,?,?,?,default)
2026-07-11T00:13:15.433+07:00 DEBUG 22468 --- [parking-building-management-system] [  restartedMain] org.hibernate.SQL                        : insert into payments (amount,collected_by_user_id,method,payment_time,session_id,id) values (?,?,?,?,?,default)
Hibernate: insert into payments (amount,collected_by_user_id,method,payment_time,session_id,id) values (?,?,?,?,?,default)
2026-07-11T00:13:15.433+07:00 DEBUG 22468 --- [parking-building-management-system] [  restartedMain] org.hibernate.SQL                        : insert into payments (amount,collected_by_user_id,method,payment_time,session_id,id) values (?,?,?,?,?,default)
Hibernate: insert into payments (amount,collected_by_user_id,method,payment_time,session_id,id) values (?,?,?,?,?,default)
2026-07-11T00:13:15.434+07:00 DEBUG 22468 --- [parking-building-management-system] [  restartedMain] org.hibernate.SQL                        : insert into payments (amount,collected_by_user_id,method,payment_time,session_id,id) values (?,?,?,?,?,default)
Hibernate: insert into payments (amount,collected_by_user_id,method,payment_time,session_id,id) values (?,?,?,?,?,default)
2026-07-11T00:13:15.436+07:00 DEBUG 22468 --- [parking-building-management-system] [  restartedMain] org.hibernate.SQL                        : insert into payments (amount,collected_by_user_id,method,payment_time,session_id,id) values (?,?,?,?,?,default)
Hibernate: insert into payments (amount,collected_by_user_id,method,payment_time,session_id,id) values (?,?,?,?,?,default)
2026-07-11T00:13:15.437+07:00 DEBUG 22468 --- [parking-building-management-system] [  restartedMain] org.hibernate.SQL                        : insert into payments (amount,collected_by_user_id,method,payment_time,session_id,id) values (?,?,?,?,?,default)
Hibernate: insert into payments (amount,collected_by_user_id,method,payment_time,session_id,id) values (?,?,?,?,?,default)
2026-07-11T00:13:15.438+07:00 DEBUG 22468 --- [parking-building-management-system] [  restartedMain] org.hibernate.SQL                        : insert into payments (amount,collected_by_user_id,method,payment_time,session_id,id) values (?,?,?,?,?,default)
Hibernate: insert into payments (amount,collected_by_user_id,method,payment_time,session_id,id) values (?,?,?,?,?,default)
2026-07-11T00:13:15.438+07:00 DEBUG 22468 --- [parking-building-management-system] [  restartedMain] org.hibernate.SQL                        : insert into payments (amount,collected_by_user_id,method,payment_time,session_id,id) values (?,?,?,?,?,default)
Hibernate: insert into payments (amount,collected_by_user_id,method,payment_time,session_id,id) values (?,?,?,?,?,default)
2026-07-11T00:13:15.439+07:00 DEBUG 22468 --- [parking-building-management-system] [  restartedMain] org.hibernate.SQL                        : insert into payments (amount,collected_by_user_id,method,payment_time,session_id,id) values (?,?,?,?,?,default)
Hibernate: insert into payments (amount,collected_by_user_id,method,payment_time,session_id,id) values (?,?,?,?,?,default)
2026-07-11T00:13:15.439+07:00 DEBUG 22468 --- [parking-building-management-system] [  restartedMain] org.hibernate.SQL                        : insert into payments (amount,collected_by_user_id,method,payment_time,session_id,id) values (?,?,?,?,?,default)
Hibernate: insert into payments (amount,collected_by_user_id,method,payment_time,session_id,id) values (?,?,?,?,?,default)
2026-07-11T00:13:15.440+07:00 DEBUG 22468 --- [parking-building-management-system] [  restartedMain] org.hibernate.SQL                        : insert into payments (amount,collected_by_user_id,method,payment_time,session_id,id) values (?,?,?,?,?,default)
Hibernate: insert into payments (amount,collected_by_user_id,method,payment_time,session_id,id) values (?,?,?,?,?,default)
2026-07-11T00:13:15.440+07:00 DEBUG 22468 --- [parking-building-management-system] [  restartedMain] org.hibernate.SQL                        : insert into payments (amount,collected_by_user_id,method,payment_time,session_id,id) values (?,?,?,?,?,default)
Hibernate: insert into payments (amount,collected_by_user_id,method,payment_time,session_id,id) values (?,?,?,?,?,default)
2026-07-11T00:13:15.441+07:00 DEBUG 22468 --- [parking-building-management-system] [  restartedMain] org.hibernate.SQL                        : insert into payments (amount,collected_by_user_id,method,payment_time,session_id,id) values (?,?,?,?,?,default)
Hibernate: insert into payments (amount,collected_by_user_id,method,payment_time,session_id,id) values (?,?,?,?,?,default)
2026-07-11T00:13:15.442+07:00 DEBUG 22468 --- [parking-building-management-system] [  restartedMain] org.hibernate.SQL                        : insert into payments (amount,collected_by_user_id,method,payment_time,session_id,id) values (?,?,?,?,?,default)
Hibernate: insert into payments (amount,collected_by_user_id,method,payment_time,session_id,id) values (?,?,?,?,?,default)
2026-07-11T00:13:15.444+07:00 DEBUG 22468 --- [parking-building-management-system] [  restartedMain] org.hibernate.SQL                        : insert into payments (amount,collected_by_user_id,method,payment_time,session_id,id) values (?,?,?,?,?,default)
Hibernate: insert into payments (amount,collected_by_user_id,method,payment_time,session_id,id) values (?,?,?,?,?,default)
2026-07-11T00:13:15.445+07:00 DEBUG 22468 --- [parking-building-management-system] [  restartedMain] org.hibernate.SQL                        : insert into payments (amount,collected_by_user_id,method,payment_time,session_id,id) values (?,?,?,?,?,default)
Hibernate: insert into payments (amount,collected_by_user_id,method,payment_time,session_id,id) values (?,?,?,?,?,default)
2026-07-11T00:13:15.445+07:00 DEBUG 22468 --- [parking-building-management-system] [  restartedMain] org.hibernate.SQL                        : insert into payments (amount,collected_by_user_id,method,payment_time,session_id,id) values (?,?,?,?,?,default)
Hibernate: insert into payments (amount,collected_by_user_id,method,payment_time,session_id,id) values (?,?,?,?,?,default)
2026-07-11T00:13:15.446+07:00 DEBUG 22468 --- [parking-building-management-system] [  restartedMain] org.hibernate.SQL                        : insert into payments (amount,collected_by_user_id,method,payment_time,session_id,id) values (?,?,?,?,?,default)
Hibernate: insert into payments (amount,collected_by_user_id,method,payment_time,session_id,id) values (?,?,?,?,?,default)
2026-07-11T00:13:15.446+07:00 DEBUG 22468 --- [parking-building-management-system] [  restartedMain] org.hibernate.SQL                        : insert into payments (amount,collected_by_user_id,method,payment_time,session_id,id) values (?,?,?,?,?,default)
Hibernate: insert into payments (amount,collected_by_user_id,method,payment_time,session_id,id) values (?,?,?,?,?,default)
2026-07-11T00:13:15.447+07:00 DEBUG 22468 --- [parking-building-management-system] [  restartedMain] org.hibernate.SQL                        : insert into payments (amount,collected_by_user_id,method,payment_time,session_id,id) values (?,?,?,?,?,default)
Hibernate: insert into payments (amount,collected_by_user_id,method,payment_time,session_id,id) values (?,?,?,?,?,default)
2026-07-11T00:13:15.447+07:00 DEBUG 22468 --- [parking-building-management-system] [  restartedMain] org.hibernate.SQL                        : insert into payments (amount,collected_by_user_id,method,payment_time,session_id,id) values (?,?,?,?,?,default)
Hibernate: insert into payments (amount,collected_by_user_id,method,payment_time,session_id,id) values (?,?,?,?,?,default)
2026-07-11T00:13:15.448+07:00 DEBUG 22468 --- [parking-building-management-system] [  restartedMain] org.hibernate.SQL                        : insert into payments (amount,collected_by_user_id,method,payment_time,session_id,id) values (?,?,?,?,?,default)
Hibernate: insert into payments (amount,collected_by_user_id,method,payment_time,session_id,id) values (?,?,?,?,?,default)
2026-07-11T00:13:15.449+07:00 DEBUG 22468 --- [parking-building-management-system] [  restartedMain] org.hibernate.SQL                        : insert into payments (amount,collected_by_user_id,method,payment_time,session_id,id) values (?,?,?,?,?,default)
Hibernate: insert into payments (amount,collected_by_user_id,method,payment_time,session_id,id) values (?,?,?,?,?,default)
Seeded 74 completed parking sessions and payments.
2026-07-11T00:13:15.453+07:00 DEBUG 22468 --- [parking-building-management-system] [  restartedMain] org.hibernate.SQL                        : insert into parking_sessions (check_in_at,check_out_at,created_by_user_id,entry_gate,fee,notes,plate_number,reservation_id,slot_id,status,ticket_code,user_id,vehicle_type_id,id) values (?,?,?,?,?,?,?,?,?,?,?,?,?,default)
Hibernate: insert into parking_sessions (check_in_at,check_out_at,created_by_user_id,entry_gate,fee,notes,plate_number,reservation_id,slot_id,status,ticket_code,user_id,vehicle_type_id,id) values (?,?,?,?,?,?,?,?,?,?,?,?,?,default)
2026-07-11T00:13:15.454+07:00 DEBUG 22468 --- [parking-building-management-system] [  restartedMain] org.hibernate.SQL                        : insert into parking_sessions (check_in_at,check_out_at,created_by_user_id,entry_gate,fee,notes,plate_number,reservation_id,slot_id,status,ticket_code,user_id,vehicle_type_id,id) values (?,?,?,?,?,?,?,?,?,?,?,?,?,default)
Hibernate: insert into parking_sessions (check_in_at,check_out_at,created_by_user_id,entry_gate,fee,notes,plate_number,reservation_id,slot_id,status,ticket_code,user_id,vehicle_type_id,id) values (?,?,?,?,?,?,?,?,?,?,?,?,?,default)
2026-07-11T00:13:15.456+07:00 DEBUG 22468 --- [parking-building-management-system] [  restartedMain] org.hibernate.SQL                        : insert into parking_sessions (check_in_at,check_out_at,created_by_user_id,entry_gate,fee,notes,plate_number,reservation_id,slot_id,status,ticket_code,user_id,vehicle_type_id,id) values (?,?,?,?,?,?,?,?,?,?,?,?,?,default)
Hibernate: insert into parking_sessions (check_in_at,check_out_at,created_by_user_id,entry_gate,fee,notes,plate_number,reservation_id,slot_id,status,ticket_code,user_id,vehicle_type_id,id) values (?,?,?,?,?,?,?,?,?,?,?,?,?,default)
2026-07-11T00:13:15.457+07:00 DEBUG 22468 --- [parking-building-management-system] [  restartedMain] org.hibernate.SQL                        : insert into parking_sessions (check_in_at,check_out_at,created_by_user_id,entry_gate,fee,notes,plate_number,reservation_id,slot_id,status,ticket_code,user_id,vehicle_type_id,id) values (?,?,?,?,?,?,?,?,?,?,?,?,?,default)
Hibernate: insert into parking_sessions (check_in_at,check_out_at,created_by_user_id,entry_gate,fee,notes,plate_number,reservation_id,slot_id,status,ticket_code,user_id,vehicle_type_id,id) values (?,?,?,?,?,?,?,?,?,?,?,?,?,default)
2026-07-11T00:13:15.458+07:00 DEBUG 22468 --- [parking-building-management-system] [  restartedMain] org.hibernate.SQL                        : insert into parking_sessions (check_in_at,check_out_at,created_by_user_id,entry_gate,fee,notes,plate_number,reservation_id,slot_id,status,ticket_code,user_id,vehicle_type_id,id) values (?,?,?,?,?,?,?,?,?,?,?,?,?,default)
Hibernate: insert into parking_sessions (check_in_at,check_out_at,created_by_user_id,entry_gate,fee,notes,plate_number,reservation_id,slot_id,status,ticket_code,user_id,vehicle_type_id,id) values (?,?,?,?,?,?,?,?,?,?,?,?,?,default)
Seeded 5 active parking sessions (occupied slots).
2026-07-11T00:13:15.465+07:00 DEBUG 22468 --- [parking-building-management-system] [  restartedMain] org.hibernate.SQL                        : select count(*) from system_settings ss1_0
Hibernate: select count(*) from system_settings ss1_0
2026-07-11T00:13:15.471+07:00 DEBUG 22468 --- [parking-building-management-system] [  restartedMain] org.hibernate.SQL                        : select ss1_0.id,ss1_0.auto_block_overdue_slots,ss1_0.closing_time,ss1_0.default_hourly_rate,ss1_0.opening_time,ss1_0.payment_mode,ss1_0.system_name,ss1_0.updated_at from system_settings ss1_0 where ss1_0.id=?
Hibernate: select ss1_0.id,ss1_0.auto_block_overdue_slots,ss1_0.closing_time,ss1_0.default_hourly_rate,ss1_0.opening_time,ss1_0.payment_mode,ss1_0.system_name,ss1_0.updated_at from system_settings ss1_0 where ss1_0.id=?
Seeded default system settings.
2026-07-11T00:13:15.478+07:00 DEBUG 22468 --- [parking-building-management-system] [  restartedMain] org.hibernate.SQL                        : insert into system_settings (auto_block_overdue_slots,closing_time,default_hourly_rate,opening_time,payment_mode,system_name,updated_at,id) values (?,?,?,?,?,?,?,?)
Hibernate: insert into system_settings (auto_block_overdue_slots,closing_time,default_hourly_rate,opening_time,payment_mode,system_name,updated_at,id) values (?,?,?,?,?,?,?,?)
2026-07-11T00:13:15.483+07:00 DEBUG 22468 --- [parking-building-management-system] [  restartedMain] org.hibernate.SQL                        : update parking_slots set code=?,floor_id=?,status=?,updated_at=?,vehicle_type_id=? where id=?
Hibernate: update parking_slots set code=?,floor_id=?,status=?,updated_at=?,vehicle_type_id=? where id=?
2026-07-11T00:13:15.487+07:00 DEBUG 22468 --- [parking-building-management-system] [  restartedMain] org.hibernate.SQL                        : update parking_slots set code=?,floor_id=?,status=?,updated_at=?,vehicle_type_id=? where id=?
Hibernate: update parking_slots set code=?,floor_id=?,status=?,updated_at=?,vehicle_type_id=? where id=?
2026-07-11T00:13:15.488+07:00 DEBUG 22468 --- [parking-building-management-system] [  restartedMain] org.hibernate.SQL                        : update parking_slots set code=?,floor_id=?,status=?,updated_at=?,vehicle_type_id=? where id=?
Hibernate: update parking_slots set code=?,floor_id=?,status=?,updated_at=?,vehicle_type_id=? where id=?
2026-07-11T00:13:15.488+07:00 DEBUG 22468 --- [parking-building-management-system] [  restartedMain] org.hibernate.SQL                        : update parking_slots set code=?,floor_id=?,status=?,updated_at=?,vehicle_type_id=? where id=?
Hibernate: update parking_slots set code=?,floor_id=?,status=?,updated_at=?,vehicle_type_id=? where id=?
2026-07-11T00:13:15.489+07:00 DEBUG 22468 --- [parking-building-management-system] [  restartedMain] org.hibernate.SQL                        : update parking_slots set code=?,floor_id=?,status=?,updated_at=?,vehicle_type_id=? where id=?
Hibernate: update parking_slots set code=?,floor_id=?,status=?,updated_at=?,vehicle_type_id=? where id=?
2026-07-11T00:13:15.490+07:00 DEBUG 22468 --- [parking-building-management-system] [  restartedMain] org.hibernate.SQL                        : insert into floor_supported_vehicle_types (floor_id,vehicle_type_id) values (?,?)
Hibernate: insert into floor_supported_vehicle_types (floor_id,vehicle_type_id) values (?,?)
2026-07-11T00:13:15.491+07:00 DEBUG 22468 --- [parking-building-management-system] [  restartedMain] org.hibernate.SQL                        : insert into floor_supported_vehicle_types (floor_id,vehicle_type_id) values (?,?)
Hibernate: insert into floor_supported_vehicle_types (floor_id,vehicle_type_id) values (?,?)
2026-07-11T00:13:15.492+07:00 DEBUG 22468 --- [parking-building-management-system] [  restartedMain] org.hibernate.SQL                        : insert into floor_supported_vehicle_types (floor_id,vehicle_type_id) values (?,?)
Hibernate: insert into floor_supported_vehicle_types (floor_id,vehicle_type_id) values (?,?)
2026-07-11T00:13:15.493+07:00 DEBUG 22468 --- [parking-building-management-system] [  restartedMain] org.hibernate.SQL                        : insert into floor_supported_vehicle_types (floor_id,vehicle_type_id) values (?,?)
Hibernate: insert into floor_supported_vehicle_types (floor_id,vehicle_type_id) values (?,?)
2026-07-11T00:13:15.493+07:00 DEBUG 22468 --- [parking-building-management-system] [  restartedMain] org.hibernate.SQL                        : insert into floor_supported_vehicle_types (floor_id,vehicle_type_id) values (?,?)
Hibernate: insert into floor_supported_vehicle_types (floor_id,vehicle_type_id) values (?,?)
2026-07-11T00:13:15.493+07:00 DEBUG 22468 --- [parking-building-management-system] [  restartedMain] org.hibernate.SQL                        : insert into floor_supported_vehicle_types (floor_id,vehicle_type_id) values (?,?)
Hibernate: insert into floor_supported_vehicle_types (floor_id,vehicle_type_id) values (?,?)
2026-07-11T00:13:15.493+07:00 DEBUG 22468 --- [parking-building-management-system] [  restartedMain] org.hibernate.SQL                        : insert into floor_supported_vehicle_types (floor_id,vehicle_type_id) values (?,?)
Hibernate: insert into floor_supported_vehicle_types (floor_id,vehicle_type_id) values (?,?)
2026-07-11T00:13:38.586+07:00  INFO 22468 --- [parking-building-management-system] [ionShutdownHook] o.s.b.w.e.tomcat.GracefulShutdown        : Commencing graceful shutdown. Waiting for active requests to complete
Terminate batch job (Y/N)? 2026-07-11T00:13:38.607+07:00  INFO 22468 --- [parking-building-management-system] [tomcat-shutdown] o.s.b.w.e.tomcat.GracefulShutdown        : Graceful shutdown complete
2026-07-11T00:13:38.613+07:00  INFO 22468 --- [parking-building-management-system] [ionShutdownHook] j.LocalContainerEntityManagerFactoryBean : Closing JPA EntityManagerFactory for persistence unit 'default'
2026-07-11T00:13:38.613+07:00 DEBUG 22468 --- [parking-building-management-system] [ionShutdownHook] org.hibernate.SQL                        : drop table if exists audit_logs cascade 
Hibernate: drop table if exists audit_logs cascade 
2026-07-11T00:13:38.614+07:00 DEBUG 22468 --- [parking-building-management-system] [ionShutdownHook] org.hibernate.SQL                        : drop table if exists buildings cascade 
Hibernate: drop table if exists buildings cascade 
2026-07-11T00:13:38.615+07:00 DEBUG 22468 --- [parking-building-management-system] [ionShutdownHook] org.hibernate.SQL                        : drop table if exists feedbacks cascade 
Hibernate: drop table if exists feedbacks cascade 
2026-07-11T00:13:38.617+07:00 DEBUG 22468 --- [parking-building-management-system] [ionShutdownHook] org.hibernate.SQL                        : drop table if exists floor_supported_vehicle_types cascade 
Hibernate: drop table if exists floor_supported_vehicle_types cascade 
2026-07-11T00:13:38.620+07:00 DEBUG 22468 --- [parking-building-management-system] [ionShutdownHook] org.hibernate.SQL                        : drop table if exists floors cascade 
Hibernate: drop table if exists floors cascade 
2026-07-11T00:13:38.621+07:00 DEBUG 22468 --- [parking-building-management-system] [ionShutdownHook] org.hibernate.SQL                        : drop table if exists incidents cascade 
Hibernate: drop table if exists incidents cascade 
2026-07-11T00:13:38.622+07:00 DEBUG 22468 --- [parking-building-management-system] [ionShutdownHook] org.hibernate.SQL                        : drop table if exists parking_session_exceptions cascade 
Hibernate: drop table if exists parking_session_exceptions cascade 
2026-07-11T00:13:38.622+07:00 DEBUG 22468 --- [parking-building-management-system] [ionShutdownHook] org.hibernate.SQL                        : drop table if exists parking_sessions cascade 
Hibernate: drop table if exists parking_sessions cascade 
2026-07-11T00:13:38.623+07:00 DEBUG 22468 --- [parking-building-management-system] [ionShutdownHook] org.hibernate.SQL                        : drop table if exists parking_slots cascade 
Hibernate: drop table if exists parking_slots cascade 
2026-07-11T00:13:38.624+07:00 DEBUG 22468 --- [parking-building-management-system] [ionShutdownHook] org.hibernate.SQL                        : drop table if exists payments cascade 
Hibernate: drop table if exists payments cascade 
2026-07-11T00:13:38.625+07:00 DEBUG 22468 --- [parking-building-management-system] [ionShutdownHook] org.hibernate.SQL                        : drop table if exists permissions cascade 
Hibernate: drop table if exists permissions cascade 
2026-07-11T00:13:38.627+07:00 DEBUG 22468 --- [parking-building-management-system] [ionShutdownHook] org.hibernate.SQL                        : drop table if exists pricing cascade 
Hibernate: drop table if exists pricing cascade 
2026-07-11T00:13:38.628+07:00 DEBUG 22468 --- [parking-building-management-system] [ionShutdownHook] org.hibernate.SQL                        : drop table if exists reservations cascade 
Hibernate: drop table if exists reservations cascade 
2026-07-11T00:13:38.628+07:00 DEBUG 22468 --- [parking-building-management-system] [ionShutdownHook] org.hibernate.SQL                        : drop table if exists role_permissions cascade 
Hibernate: drop table if exists role_permissions cascade 
2026-07-11T00:13:38.628+07:00 DEBUG 22468 --- [parking-building-management-system] [ionShutdownHook] org.hibernate.SQL                        : drop table if exists roles cascade 
Hibernate: drop table if exists roles cascade 
2026-07-11T00:13:38.629+07:00 DEBUG 22468 --- [parking-building-management-system] [ionShutdownHook] org.hibernate.SQL                        : drop table if exists slot_recommendations cascade 
Hibernate: drop table if exists slot_recommendations cascade 
2026-07-11T00:13:38.630+07:00 DEBUG 22468 --- [parking-building-management-system] [ionShutdownHook] org.hibernate.SQL                        : drop table if exists system_settings cascade 
Hibernate: drop table if exists system_settings cascade 
2026-07-11T00:13:38.631+07:00 DEBUG 22468 --- [parking-building-management-system] [ionShutdownHook] org.hibernate.SQL                        : drop table if exists users cascade 
Hibernate: drop table if exists users cascade 
2026-07-11T00:13:38.632+07:00 DEBUG 22468 --- [parking-building-management-system] [ionShutdownHook] org.hibernate.SQL                        : drop table if exists vehicle_types cascade 
Hibernate: drop table if exists vehicle_types cascade 
2026-07-11T00:13:38.632+07:00 DEBUG 22468 --- [parking-building-management-system] [ionShutdownHook] org.hibernate.SQL                        : drop table if exists vehicles cascade 
Hibernate: drop table if exists vehicles cascade 
2026-07-11T00:13:38.640+07:00  WARN 22468 --- [parking-building-management-system] [ionShutdownHook] o.s.b.f.support.DisposableBeanAdapter    : Invocation of destroy method failed on bean with name 'inMemoryDatabaseShutdownExecutor': org.h2.jdbc.JdbcSQLNonTransientConnectionException: Database is already closed (to disable automatic closing at VM shutdown, add ";DB_CLOSE_ON_EXIT=FALSE" to the db URL) [90121-232]
2026-07-11T00:13:38.641+07:00  INFO 22468 --- [parking-building-management-system] [ionShutdownHook] com.zaxxer.hikari.HikariDataSource       : HikariPool-1 - Shutdown initiated...
2026-07-11T00:13:38.643+07:00  INFO 22468 --- [parking-building-management-system] [ionShutdownHook] com.zaxxer.hikari.HikariDataSource       : HikariPool-1 - Shutdown completed.
[INFO] ------------------------------------------------------------------------
[INFO] BUILD SUCCESS
[INFO] ------------------------------------------------------------------------
[INFO] Total time:  39.141 s
[INFO] Finished at: 2026-07-11T00:13:38+07:00
[INFO] ------------------------------------------------------------------------
